{
  "dataset": "acm",
  "use_topology": true,
  "seed": 1,
  "topology_source": "random",
  "num_nodes": 3025,
  "num_classes": 3,
  "random_metapath": true,
  "node_features": "on",
  "fusion_beta": [
    0.2013005167245865,
    0.07940814644098282,
    0.015286167152225971,
    0.7040051817893982
  ],
  "topo_dim": 75,
  "val_macro_f1": 0.9140836629509769,
  "test_macro_f1": 0.8805156457931713,
  "test_accuracy": 0.8781869411468506
}