{
  "dataset": "acm",
  "use_topology": true,
  "seed": 2,
  "topology_source": "gtn",
  "num_nodes": 3025,
  "num_classes": 3,
  "gtn_attentions": [
    [
      [
        [
          0.1801602691411972,
          0.16875682771205902,
          0.17363613843917847,
          0.1729954034090042,
          0.14267626404762268,
          0.161775141954422
        ],
        [
          0.18184936046600342,
          0.1669902354478836,
          0.17393459379673004,
          0.17314749956130981,
          0.14221908152103424,
          0.16185924410820007
        ]
      ],
      [
        [
          0.1821892410516739,
          0.16824007034301758,
          0.1787242442369461,
          0.17675292491912842,
          0.1353846788406372,
          0.1587088704109192
        ],
        [
          0.1831827461719513,
          0.1682836413383484,
          0.17863526940345764,
          0.17660211026668549,
          0.1346854418516159,
          0.1586107760667801
        ]
      ]
    ],
    [
      [
        [
          0.18490581214427948,
          0.13391968607902527,
          0.18707683682441711,
          0.18706770241260529,
          0.12112565338611603,
          0.18590432405471802
        ],
        [
          0.18517854809761047,
          0.13283343613147736,
          0.18728578090667725,
          0.18729005753993988,
          0.12069152295589447,
          0.18672062456607819
        ]
      ]
    ]
  ],
  "gtn_only_test_macro_f1": 0.9011766191758217,
  "gtn_only_test_accuracy": 0.899433434009552,
  "gtn_only_val_macro_f1": 0.9632865919345169,
  "node_features": "on",
  "fusion_beta": [
    0.8200969099998474,
    0.17990310490131378
  ],
  "topo_dim": 75,
  "val_macro_f1": 0.9340247541969174,
  "test_macro_f1": 0.8888053168209966,
  "test_accuracy": 0.887157678604126
}