{
  "dataset": "acm",
  "use_topology": false,
  "seed": 2,
  "topology_source": null,
  "num_nodes": 3025,
  "num_classes": 3,
  "node_features": "on",
  "val_macro_f1": 0.9406177693639467,
  "test_macro_f1": 0.8936440834810675,
  "test_accuracy": 0.891879141330719
}