{
  "dataset": "acm",
  "use_topology": true,
  "seed": 0,
  "topology_source": "manual",
  "num_nodes": 3025,
  "num_classes": 3,
  "manual_metapaths": [
    "PAP",
    "PSP"
  ],
  "node_features": "on",
  "fusion_beta": [
    0.5002699494361877,
    0.49973002076148987
  ],
  "topo_dim": 75,
  "val_macro_f1": 0.9198257080610022,
  "test_macro_f1": 0.8965892193773204,
  "test_accuracy": 0.8951840996742249
}