{
  "dataset": "acm",
  "use_topology": false,
  "seed": 1,
  "topology_source": null,
  "num_nodes": 3025,
  "num_classes": 3,
  "node_features": "on",
  "val_macro_f1": 0.9114294317546351,
  "test_macro_f1": 0.8735053473431168,
  "test_accuracy": 0.8711047768592834
}