{
  "dataset": "acm",
  "use_topology": true,
  "seed": 2,
  "topology_source": "random",
  "num_nodes": 3025,
  "num_classes": 3,
  "random_metapath": true,
  "node_features": "on",
  "fusion_beta": [
    0.21606385707855225,
    0.6025887727737427,
    0.027632497251033783,
    0.1537148654460907
  ],
  "topo_dim": 75,
  "val_macro_f1": 0.9482710434488008,
  "test_macro_f1": 0.8974976401345908,
  "test_accuracy": 0.8961284160614014
}