{
  "dataset": "acm",
  "use_topology": true,
  "seed": 0,
  "topology_source": "random",
  "num_nodes": 3025,
  "num_classes": 3,
  "random_metapath": true,
  "node_features": "on",
  "fusion_beta": [
    0.79096919298172,
    0.04941727593541145,
    0.05760848894715309,
    0.10200495272874832
  ],
  "topo_dim": 75,
  "val_macro_f1": 0.9139117499117071,
  "test_macro_f1": 0.8713140890088379,
  "test_accuracy": 0.8687440752983093
}