{
  "dataset": "aifb",
  "use_topology": true,
  "seed": 2,
  "topology_source": "gtn",
  "num_nodes": 2270,
  "num_classes": 4,
  "gtn_attentions": [
    [
      [
        [
          0.15305733680725098,
          0.1517486572265625,
          0.12800872325897217,
          0.1279841661453247,
          0.15187658369541168,
          0.1531517207622528,
          0.13417281210422516
        ],
        [
          0.15292862057685852,
          0.15162293612957,
          0.1281248927116394,
          0.12811793386936188,
          0.1517058163881302,
          0.15300482511520386,
          0.13449491560459137
        ]
      ],
      [
        [
          0.15350677073001862,
          0.15149609744548798,
          0.12779799103736877,
          0.1280205100774765,
          0.15148504078388214,
          0.153461292386055,
          0.13423222303390503
        ],
        [
          0.15330910682678223,
          0.15136680006980896,
          0.12798631191253662,
          0.1281602382659912,
          0.15135957300662994,
          0.15326540172100067,
          0.13455258309841156
        ]
      ]
    ],
    [
      [
        [
          0.1451556235551834,
          0.14919747412204742,
          0.15782298147678375,
          0.12557266652584076,
          0.1494678556919098,
          0.14699038863182068,
          0.12579302489757538
        ],
        [
          0.14543403685092926,
          0.14895637333393097,
          0.1575136035680771,
          0.12586399912834167,
          0.14919506013393402,
          0.1469762623310089,
          0.12606069445610046
        ]
      ]
    ]
  ],
  "gtn_only_test_macro_f1": 0.16666666666666669,
  "gtn_only_test_accuracy": 0.3888888955116272,
  "gtn_only_val_macro_f1": 0.3037037037037037,
  "node_features": "on",
  "fusion_beta": [
    0.8710620403289795,
    0.12893794476985931
  ],
  "topo_dim": 75,
  "val_macro_f1": 0.5041666666666667,
  "test_macro_f1": 0.5652958152958153,
  "test_accuracy": 0.6666666865348816
}