{
  "dataset": "aifb",
  "use_topology": true,
  "seed": 1,
  "topology_source": "gtn",
  "num_nodes": 2270,
  "num_classes": 4,
  "gtn_attentions": [
    [
      [
        [
          0.15079329907894135,
          0.1477593034505844,
          0.1348220705986023,
          0.13374342024326324,
          0.1477787047624588,
          0.15080145001411438,
          0.1343017816543579
        ],
        [
          0.15110813081264496,
          0.14764048159122467,
          0.13468340039253235,
          0.13362914323806763,
          0.1476457715034485,
          0.15111351013183594,
          0.1341795176267624
        ],
        [
          0.1509505808353424,
          0.1477208435535431,
          0.13475149869918823,
          0.13361316919326782,
          0.14774249494075775,
          0.15095271170139313,
          0.13426871597766876
        ],
        [
          0.1509546935558319,
          0.1476047933101654,
          0.13487671315670013,
          0.13373368978500366,
          0.14762204885482788,
          0.15095706284046173,
          0.13425101339817047
        ]
      ],
      [
        [
          0.14941748976707458,
          0.1485583782196045,
          0.1391722708940506,
          0.13214634358882904,
          0.14857657253742218,
          0.14941999316215515,
          0.13270895183086395
        ],
        [
          0.14971379935741425,
          0.14872124791145325,
          0.13896040618419647,
          0.13179869949817657,
          0.1487390697002411,
          0.1497209668159485,
          0.1323457956314087
        ],
        [
          0.1496267169713974,
          0.14867672324180603,
          0.13899332284927368,
          0.131822869181633,
          0.1486857682466507,
          0.14962969720363617,
          0.13256490230560303
        ],
        [
          0.14965595304965973,
          0.14858019351959229,
          0.13915596902370453,
          0.13186568021774292,
          0.1486002802848816,
          0.14965656399726868,
          0.13248535990715027
        ]
      ]
    ]
  ],
  "gtn_only_test_macro_f1": 0.3923913043478261,
  "gtn_only_test_accuracy": 0.6666666865348816,
  "gtn_only_val_macro_f1": 0.3771551724137931,
  "node_features": "on",
  "fusion_beta": [
    0.022924089804291725,
    0.31171560287475586,
    0.29279854893684387,
    0.3725617527961731
  ],
  "topo_dim": 75,
  "val_macro_f1": 0.5657051282051282,
  "test_macro_f1": 0.8392857142857142,
  "test_accuracy": 0.8333333134651184
}