{
  "dataset": "aifb",
  "use_topology": true,
  "seed": 0,
  "topology_source": "gtn",
  "num_nodes": 2270,
  "num_classes": 4,
  "gtn_attentions": [
    [
      [
        [
          0.15532034635543823,
          0.15360435843467712,
          0.1415330469608307,
          0.0982758104801178,
          0.15361222624778748,
          0.15532484650611877,
          0.1423293501138687
        ],
        [
          0.15563562512397766,
          0.1535618007183075,
          0.14140863716602325,
          0.098345085978508,
          0.15356475114822388,
          0.15564410388469696,
          0.14183999598026276
        ],
        [
          0.15531256794929504,
          0.1535925716161728,
          0.14141511917114258,
          0.09832125157117844,
          0.15358753502368927,
          0.15530717372894287,
          0.142463818192482
        ],
        [
          0.15544454753398895,
          0.1536102145910263,
          0.14137320220470428,
          0.0983191505074501,
          0.1536249816417694,
          0.15544670820236206,
          0.1421811878681183
        ]
      ],
      [
        [
          0.15384438633918762,
          0.15345430374145508,
          0.1478351503610611,
          0.09708330035209656,
          0.1534653753042221,
          0.1538359820842743,
          0.14048154652118683
        ],
        [
          0.1538267731666565,
          0.15339533984661102,
          0.14793884754180908,
          0.09738881886005402,
          0.1534108817577362,
          0.15382947027683258,
          0.1402098387479782
        ],
        [
          0.15358510613441467,
          0.1532984972000122,
          0.14798152446746826,
          0.09737546741962433,
          0.15329419076442719,
          0.15357805788516998,
          0.14088718593120575
        ],
        [
          0.15375883877277374,
          0.1534283608198166,
          0.14787152409553528,
          0.09725233167409897,
          0.15343812108039856,
          0.15377260744571686,
          0.140478253364563
        ]
      ]
    ]
  ],
  "gtn_only_test_macro_f1": 0.5346989966555183,
  "gtn_only_test_accuracy": 0.7222222089767456,
  "gtn_only_val_macro_f1": 0.5578703703703703,
  "node_features": "on",
  "fusion_beta": [
    0.2668631672859192,
    0.21497371792793274,
    0.37632787227630615,
    0.14183522760868073
  ],
  "topo_dim": 75,
  "val_macro_f1": 0.6133241758241758,
  "test_macro_f1": 0.7923913043478261,
  "test_accuracy": 0.8055555820465088
}