{
  "dataset": "aifb",
  "use_topology": true,
  "seed": 1,
  "topology_source": "manual",
  "num_nodes": 2270,
  "num_classes": 4,
  "manual_metapaths": [
    "r0",
    "r1"
  ],
  "node_features": "on",
  "fusion_beta": [
    0.8370948433876038,
    0.16290514171123505
  ],
  "topo_dim": 75,
  "val_macro_f1": 0.5809523809523809,
  "test_macro_f1": 0.7097387566137566,
  "test_accuracy": 0.75
}