{
  "dataset": "aifb",
  "use_topology": true,
  "seed": 1,
  "topology_source": "random",
  "num_nodes": 2270,
  "num_classes": 4,
  "random_metapath": true,
  "node_features": "on",
  "fusion_beta": [
    0.016452087089419365,
    0.9075846672058105,
    0.0037130992859601974,
    0.07225024700164795
  ],
  "topo_dim": 75,
  "val_macro_f1": 0.5578703703703703,
  "test_macro_f1": 0.7125,
  "test_accuracy": 0.75
}