{
  "dataset": "aifb",
  "use_topology": true,
  "seed": 0,
  "topology_source": "random",
  "num_nodes": 2270,
  "num_classes": 4,
  "random_metapath": true,
  "node_features": "on",
  "fusion_beta": [
    0.0029652677476406097,
    0.0007374362903647125,
    0.0002572837984189391,
    0.9960399866104126
  ],
  "topo_dim": 75,
  "val_macro_f1": 0.4703703703703703,
  "test_macro_f1": 0.4642857142857143,
  "test_accuracy": 0.694444477558136
}