{
  "dataset": "aifb",
  "use_topology": true,
  "seed": 0,
  "topology_source": "gtn",
  "num_nodes": 2270,
  "num_classes": 4,
  "gtn_attentions": [
    [
      [
        [
          0.1541307419538498,
          0.1530657559633255,
          0.12433700263500214,
          0.12431813776493073,
          0.15315575897693634,
          0.1541098803281784,
          0.1368827223777771
        ],
        [
          0.15414482355117798,
          0.15293551981449127,
          0.12448685616254807,
          0.12442797422409058,
          0.15303213894367218,
          0.1541854441165924,
          0.1367872655391693
        ]
      ],
      [
        [
          0.15445397794246674,
          0.15273989737033844,
          0.12438184022903442,
          0.12433876842260361,
          0.15276016294956207,
          0.1544141173362732,
          0.13691125810146332
        ],
        [
          0.1544814258813858,
          0.15261846780776978,
          0.12455631792545319,
          0.12445341795682907,
          0.1526297926902771,
          0.1544388383626938,
          0.13682174682617188
        ]
      ]
    ],
    [
      [
        [
          0.14503464102745056,
          0.14880196750164032,
          0.16042695939540863,
          0.12476661801338196,
          0.14943484961986542,
          0.14626061916351318,
          0.12527434527873993
        ],
        [
          0.1449965089559555,
          0.14873453974723816,
          0.16009658575057983,
          0.12503190338611603,
          0.14937034249305725,
          0.1461915522813797,
          0.1255785971879959
        ]
      ]
    ]
  ],
  "gtn_only_test_macro_f1": 0.24619565217391304,
  "gtn_only_test_accuracy": 0.4444444477558136,
  "gtn_only_val_macro_f1": 0.3014705882352941,
  "node_features": "on",
  "fusion_beta": [
    0.38568705320358276,
    0.6143129467964172
  ],
  "topo_dim": 75,
  "val_macro_f1": 0.5448717948717947,
  "test_macro_f1": 0.4986111111111111,
  "test_accuracy": 0.694444477558136
}