{
  "dataset": "aifb",
  "use_topology": true,
  "seed": 2,
  "topology_source": "gtn",
  "num_nodes": 2270,
  "num_classes": 4,
  "gtn_attentions": [
    [
      [
        [
          0.14924289286136627,
          0.14612875878810883,
          0.13710731267929077,
          0.1358383595943451,
          0.14614754915237427,
          0.14925089478492737,
          0.1362842470407486
        ],
        [
          0.14937618374824524,
          0.14616191387176514,
          0.13736766576766968,
          0.13553377985954285,
          0.1461888551712036,
          0.1493832916021347,
          0.1359882652759552
        ],
        [
          0.1493903249502182,
          0.14614281058311462,
          0.13711409270763397,
          0.1357206106185913,
          0.14617006480693817,
          0.14939910173416138,
          0.13606296479701996
        ],
        [
          0.1495494842529297,
          0.14618507027626038,
          0.13681919872760773,
          0.13562601804733276,
          0.14622268080711365,
          0.14955785870552063,
          0.13603973388671875
        ]
      ],
      [
        [
          0.14824046194553375,
          0.14734865725040436,
          0.1390838772058487,
          0.13462814688682556,
          0.14735621213912964,
          0.14825142920017242,
          0.13509120047092438
        ],
        [
          0.1484430730342865,
          0.14752097427845,
          0.13889099657535553,
          0.13435214757919312,
          0.14752770960330963,
          0.14844626188278198,
          0.13481882214546204
        ],
        [
          0.14828163385391235,
          0.1473415642976761,
          0.13912218809127808,
          0.1346408575773239,
          0.14734604954719543,
          0.14829345047473907,
          0.13497422635555267
        ],
        [
          0.14847682416439056,
          0.1475374400615692,
          0.13886362314224243,
          0.13429921865463257,
          0.14756062626838684,
          0.1484803855419159,
          0.1347818821668625
        ]
      ]
    ]
  ],
  "gtn_only_test_macro_f1": 0.37441860465116283,
  "gtn_only_test_accuracy": 0.6388888955116272,
  "gtn_only_val_macro_f1": 0.3771551724137931,
  "node_features": "on",
  "fusion_beta": [
    0.017129646614193916,
    0.006704374216496944,
    0.40818509459495544,
    0.567980945110321
  ],
  "topo_dim": 75,
  "val_macro_f1": 0.6133241758241758,
  "test_macro_f1": 0.8212121212121213,
  "test_accuracy": 0.8055555820465088
}