{
  "dataset": "aifb",
  "use_topology": true,
  "seed": 2,
  "topology_source": "random",
  "num_nodes": 2270,
  "num_classes": 4,
  "random_metapath": true,
  "node_features": "on",
  "fusion_beta": [
    0.9905602335929871,
    0.004910929128527641,
    0.0006965218926779926,
    0.0038322845939546824
  ],
  "topo_dim": 75,
  "val_macro_f1": 0.6017857142857143,
  "test_macro_f1": 0.5931372549019608,
  "test_accuracy": 0.694444477558136
}