{
  "dataset": "aifb",
  "use_topology": true,
  "seed": 1,
  "topology_source": "gtn",
  "num_nodes": 2270,
  "num_classes": 4,
  "gtn_attentions": [
    [
      [
        [
          0.1462329924106598,
          0.1452534794807434,
          0.13857249915599823,
          0.13884428143501282,
          0.14529064297676086,
          0.14622817933559418,
          0.1395779252052307
        ],
        [
          0.146245539188385,
          0.14530129730701447,
          0.13851726055145264,
          0.13879694044589996,
          0.14532741904258728,
          0.1462448388338089,
          0.13956673443317413
        ]
      ],
      [
        [
          0.1465158760547638,
          0.14495058357715607,
          0.1385992467403412,
          0.13885965943336487,
          0.14499281346797943,
          0.14648030698299408,
          0.1396014541387558
        ],
        [
          0.14650587737560272,
          0.14503569900989532,
          0.1385413259267807,
          0.13879705965518951,
          0.14507459104061127,
          0.14647018909454346,
          0.13957525789737701
        ]
      ]
    ],
    [
      [
        [
          0.14514164626598358,
          0.14498694241046906,
          0.1485426276922226,
          0.13555923104286194,
          0.14504016935825348,
          0.14520563185214996,
          0.13552376627922058
        ],
        [
          0.1456136852502823,
          0.14541208744049072,
          0.14831073582172394,
          0.13478350639343262,
          0.14546699821949005,
          0.1456761211156845,
          0.13473685085773468
        ]
      ]
    ]
  ],
  "gtn_only_test_macro_f1": 0.3787878787878788,
  "gtn_only_test_accuracy": 0.6666666865348816,
  "gtn_only_val_macro_f1": 0.39335664335664333,
  "node_features": "on",
  "fusion_beta": [
    0.5851491689682007,
    0.4148508608341217
  ],
  "topo_dim": 75,
  "val_macro_f1": 0.5448717948717947,
  "test_macro_f1": 0.4616541353383459,
  "test_accuracy": 0.694444477558136
}