{
  "dataset": "aifb",
  "use_topology": false,
  "seed": 1,
  "topology_source": null,
  "num_nodes": 2270,
  "num_classes": 4,
  "node_features": "on",
  "val_macro_f1": 0.4655797101449275,
  "test_macro_f1": 0.4380387931034483,
  "test_accuracy": 0.6666666865348816
}