{
  "dataset": "am",
  "use_topology": true,
  "seed": 1,
  "topology_source": "gtn",
  "num_nodes": 5967,
  "num_classes": 11,
  "gtn_attentions": [
    [
      [
        [
          0.14187750220298767,
          0.13099834322929382,
          0.14136441051959991,
          0.14136441051959991,
          0.15146805346012115,
          0.15149088203907013,
          0.1414364129304886
        ],
        [
          0.14190521836280823,
          0.1311086118221283,
          0.14137765765190125,
          0.14137765765190125,
          0.151347354054451,
          0.15137456357479095,
          0.14150887727737427
        ]
      ],
      [
        [
          0.14181053638458252,
          0.1329098641872406,
          0.1417124718427658,
          0.1417124718427658,
          0.15003100037574768,
          0.15002119541168213,
          0.14180250465869904
        ],
        [
          0.14181803166866302,
          0.13282707333564758,
          0.14171648025512695,
          0.14171648025512695,
          0.15003304183483124,
          0.15002359449863434,
          0.1418653428554535
        ]
      ]
    ],
    [
      [
        [
          0.1738017052412033,
          0.1206241250038147,
          0.17380811274051666,
          0.17380811274051666,
          0.11835764348506927,
          0.11835740506649017,
          0.1212429329752922
        ],
        [
          0.1736719161272049,
          0.1207270473241806,
          0.17372016608715057,
          0.17372016608715057,
          0.11840619146823883,
          0.11840596795082092,
          0.12134849280118942
        ]
      ]
    ]
  ],
  "gtn_only_test_macro_f1": 0.06545663172169197,
  "gtn_only_test_accuracy": 0.2777777910232544,
  "gtn_only_val_macro_f1": 0.05616585249612772,
  "node_features": "on",
  "fusion_beta": [
    0.49942120909690857,
    0.500578761100769
  ],
  "topo_dim": 75,
  "val_macro_f1": 0.050081654872074034,
  "test_macro_f1": 0.04698672114402451,
  "test_accuracy": 0.3484848439693451
}