{
  "dataset": "am",
  "use_topology": true,
  "seed": 0,
  "topology_source": "gtn",
  "num_nodes": 5967,
  "num_classes": 11,
  "gtn_attentions": [
    [
      [
        [
          0.1414446383714676,
          0.12857450544834137,
          0.1411394476890564,
          0.1411394476890564,
          0.15247435867786407,
          0.1525043547153473,
          0.1427232176065445
        ],
        [
          0.14137189090251923,
          0.12851208448410034,
          0.14107009768486023,
          0.14107009768486023,
          0.15267395973205566,
          0.15270036458969116,
          0.14260153472423553
        ]
      ],
      [
        [
          0.14143863320350647,
          0.12840665876865387,
          0.1413412243127823,
          0.1413412243127823,
          0.15227057039737701,
          0.15226082503795624,
          0.14294084906578064
        ],
        [
          0.14137111604213715,
          0.12836474180221558,
          0.14127478003501892,
          0.14127478003501892,
          0.15245084464550018,
          0.15244124829769135,
          0.1428225040435791
        ]
      ]
    ],
    [
      [
        [
          0.1761767864227295,
          0.11920519173145294,
          0.1762058585882187,
          0.1762058585882187,
          0.11612704396247864,
          0.1161266565322876,
          0.11995267122983932
        ],
        [
          0.1762961894273758,
          0.11918976902961731,
          0.17634479701519012,
          0.17634479701519012,
          0.11595581471920013,
          0.11595543473958969,
          0.11991317570209503
        ]
      ]
    ]
  ],
  "gtn_only_test_macro_f1": 0.060732948056891715,
  "gtn_only_test_accuracy": 0.24242424964904785,
  "gtn_only_val_macro_f1": 0.067926455566905,
  "node_features": "on",
  "fusion_beta": [
    0.5790582299232483,
    0.4209417998790741
  ],
  "topo_dim": 75,
  "val_macro_f1": 0.050081654872074034,
  "test_macro_f1": 0.04698672114402451,
  "test_accuracy": 0.3484848439693451
}