{
  "dataset": "am",
  "use_topology": true,
  "seed": 2,
  "topology_source": "gtn",
  "num_nodes": 5967,
  "num_classes": 11,
  "gtn_attentions": [
    [
      [
        [
          0.14285708963871002,
          0.14285749197006226,
          0.14285701513290405,
          0.14285701513290405,
          0.14285720884799957,
          0.14285720884799957,
          0.14285697042942047
        ],
        [
          0.1428574174642563,
          0.14285549521446228,
          0.14285726845264435,
          0.14285726845264435,
          0.1428575962781906,
          0.1428576111793518,
          0.14285734295845032
        ],
        [
          0.14285695552825928,
          0.1428595334291458,
          0.14285680651664734,
          0.14285680651664734,
          0.14285655319690704,
          0.14285655319690704,
          0.14285680651664734
        ],
        [
          0.1428571343421936,
          0.14285805821418762,
          0.14285703003406525,
          0.14285703003406525,
          0.14285685122013092,
          0.14285683631896973,
          0.14285707473754883
        ]
      ],
      [
        [
          0.14285700023174286,
          0.14285747706890106,
          0.14285701513290405,
          0.14285701513290405,
          0.14285726845264435,
          0.14285726845264435,
          0.14285695552825928
        ],
        [
          0.14285726845264435,
          0.14285533130168915,
          0.14285726845264435,
          0.14285726845264435,
          0.14285776019096375,
          0.14285776019096375,
          0.14285734295845032
        ],
        [
          0.14285680651664734,
          0.14285941421985626,
          0.14285680651664734,
          0.14285680651664734,
          0.1428566724061966,
          0.1428566724061966,
          0.14285682141780853
        ],
        [
          0.14285703003406525,
          0.14285805821418762,
          0.14285703003406525,
          0.14285703003406525,
          0.1428568959236145,
          0.1428568959236145,
          0.14285707473754883
        ]
      ]
    ]
  ],
  "gtn_only_test_macro_f1": 0.04698672114402451,
  "gtn_only_test_accuracy": 0.3484848439693451,
  "gtn_only_val_macro_f1": 0.050081654872074034,
  "node_features": "on",
  "fusion_beta": [
    0.19207969307899475,
    0.19108346104621887,
    0.3487134277820587,
    0.2681233882904053
  ],
  "topo_dim": 75,
  "val_macro_f1": 0.050081654872074034,
  "test_macro_f1": 0.04698672114402451,
  "test_accuracy": 0.3484848439693451
}