{
  "dataset": "am",
  "use_topology": true,
  "seed": 2,
  "topology_source": "random",
  "num_nodes": 5967,
  "num_classes": 11,
  "random_metapath": true,
  "node_features": "on",
  "fusion_beta": [
    0.2356337606906891,
    0.3370113968849182,
    0.27239081263542175,
    0.15496404469013214
  ],
  "topo_dim": 75,
  "val_macro_f1": 0.050081654872074034,
  "test_macro_f1": 0.04698672114402451,
  "test_accuracy": 0.3484848439693451
}