{
  "dataset": "am",
  "use_topology": true,
  "seed": 0,
  "topology_source": "random",
  "num_nodes": 5967,
  "num_classes": 11,
  "random_metapath": true,
  "node_features": "on",
  "fusion_beta": [
    0.29839304089546204,
    0.2052554041147232,
    0.25585728883743286,
    0.24049420654773712
  ],
  "topo_dim": 75,
  "val_macro_f1": 0.050081654872074034,
  "test_macro_f1": 0.04698672114402451,
  "test_accuracy": 0.3484848439693451
}