{
  "dataset": "am",
  "use_topology": true,
  "seed": 0,
  "topology_source": "gtn",
  "num_nodes": 5967,
  "num_classes": 11,
  "gtn_attentions": [
    [
      [
        [
          0.14287012815475464,
          0.1428447812795639,
          0.14285653829574585,
          0.14285653829574585,
          0.14285697042942047,
          0.14285707473754883,
          0.14285795390605927
        ],
        [
          0.14287281036376953,
          0.1428256779909134,
          0.14285722374916077,
          0.14285722374916077,
          0.14286412298679352,
          0.14286410808563232,
          0.14285878837108612
        ],
        [
          0.14286857843399048,
          0.14284029603004456,
          0.1428569108247757,
          0.1428569108247757,
          0.14285936951637268,
          0.14285939931869507,
          0.14285854995250702
        ],
        [
          0.14287342131137848,
          0.14281503856182098,
          0.1428592950105667,
          0.1428592950105667,
          0.14286597073078156,
          0.14286582171916962,
          0.14286118745803833
        ]
      ],
      [
        [
          0.14285649359226227,
          0.14285308122634888,
          0.1428566426038742,
          0.1428566426038742,
          0.1428595334291458,
          0.1428595632314682,
          0.14285804331302643
        ],
        [
          0.14285731315612793,
          0.14283157885074615,
          0.1428573578596115,
          0.1428573578596115,
          0.14286872744560242,
          0.14286872744560242,
          0.14285893738269806
        ],
        [
          0.14285708963871002,
          0.14285001158714294,
          0.14285703003406525,
          0.14285703003406525,
          0.14286009967327118,
          0.14286009967327118,
          0.14285866916179657
        ],
        [
          0.14285920560359955,
          0.14282011985778809,
          0.14285939931869507,
          0.14285939931869507,
          0.14287027716636658,
          0.14287027716636658,
          0.14286130666732788
        ]
      ]
    ]
  ],
  "gtn_only_test_macro_f1": 0.04698672114402451,
  "gtn_only_test_accuracy": 0.3484848439693451,
  "gtn_only_val_macro_f1": 0.050081654872074034,
  "node_features": "on",
  "fusion_beta": [
    0.0986514687538147,
    0.32286515831947327,
    0.3138805031776428,
    0.2646028697490692
  ],
  "topo_dim": 75,
  "val_macro_f1": 0.050081654872074034,
  "test_macro_f1": 0.04698672114402451,
  "test_accuracy": 0.3484848439693451
}