{
  "dataset": "am",
  "use_topology": true,
  "seed": 1,
  "topology_source": "gtn",
  "num_nodes": 5967,
  "num_classes": 11,
  "gtn_attentions": [
    [
      [
        [
          0.14288292825222015,
          0.14280709624290466,
          0.14285880327224731,
          0.14285880327224731,
          0.14286468923091888,
          0.1428646743297577,
          0.1428629755973816
        ],
        [
          0.1428804099559784,
          0.14281195402145386,
          0.14285878837108612,
          0.14285878837108612,
          0.1428636908531189,
          0.14286358654499054,
          0.14286278188228607
        ],
        [
          0.1428828239440918,
          0.14279498159885406,
          0.14285995066165924,
          0.14285995066165924,
          0.14286871254444122,
          0.14286871254444122,
          0.14286483824253082
        ],
        [
          0.14288002252578735,
          0.1428137570619583,
          0.14285783469676971,
          0.14285783469676971,
          0.14286436140537262,
          0.14286424219608307,
          0.14286193251609802
        ]
      ],
      [
        [
          0.14285904169082642,
          0.14282120764255524,
          0.14285908639431,
          0.14285908639431,
          0.14286917448043823,
          0.14286917448043823,
          0.14286325871944427
        ],
        [
          0.14285887777805328,
          0.14282318949699402,
          0.14285902678966522,
          0.14285902678966522,
          0.14286842942237854,
          0.14286844432353973,
          0.14286300539970398
        ],
        [
          0.14286014437675476,
          0.14280489087104797,
          0.14286018908023834,
          0.14286018908023834,
          0.14287471771240234,
          0.14287471771240234,
          0.14286509156227112
        ],
        [
          0.14285805821418762,
          0.14282171428203583,
          0.14285808801651,
          0.14285808801651,
          0.1428709477186203,
          0.1428709626197815,
          0.14286218583583832
        ]
      ]
    ]
  ],
  "gtn_only_test_macro_f1": 0.04698672114402451,
  "gtn_only_test_accuracy": 0.3484848439693451,
  "gtn_only_val_macro_f1": 0.050081654872074034,
  "node_features": "on",
  "fusion_beta": [
    0.2240787148475647,
    0.3376508951187134,
    0.22622302174568176,
    0.21204741299152374
  ],
  "topo_dim": 75,
  "val_macro_f1": 0.050081654872074034,
  "test_macro_f1": 0.04698672114402451,
  "test_accuracy": 0.3484848439693451
}