{
  "dataset": "am",
  "use_topology": true,
  "seed": 2,
  "topology_source": "gtn",
  "num_nodes": 5967,
  "num_classes": 11,
  "gtn_attentions": [
    [
      [
        [
          0.14078247547149658,
          0.11996981501579285,
          0.1403338462114334,
          0.1403338462114334,
          0.15835368633270264,
          0.15838612616062164,
          0.14184023439884186
        ],
        [
          0.1406669318675995,
          0.11954551190137863,
          0.14022988080978394,
          0.14022988080978394,
          0.15880928933620453,
          0.15884260833263397,
          0.1416759043931961
        ]
      ],
      [
        [
          0.1404278427362442,
          0.12052810937166214,
          0.14038212597370148,
          0.14038212597370148,
          0.15819163620471954,
          0.15818342566490173,
          0.1419047713279724
        ],
        [
          0.14034007489681244,
          0.12011327594518661,
          0.14029115438461304,
          0.14029115438461304,
          0.15860871970653534,
          0.15860095620155334,
          0.1417546570301056
        ]
      ]
    ],
    [
      [
        [
          0.18319284915924072,
          0.11380070447921753,
          0.18324050307273865,
          0.18324050307273865,
          0.11093557626008987,
          0.11093522608280182,
          0.11465462297201157
        ],
        [
          0.1836608648300171,
          0.11340728402137756,
          0.18369640409946442,
          0.18369640409946442,
          0.11063592880964279,
          0.11063553392887115,
          0.11426762491464615
        ]
      ]
    ]
  ],
  "gtn_only_test_macro_f1": 0.07394395287716145,
  "gtn_only_test_accuracy": 0.32828283309936523,
  "gtn_only_val_macro_f1": 0.0683297517829892,
  "node_features": "on",
  "fusion_beta": [
    0.1556687355041504,
    0.8443313241004944
  ],
  "topo_dim": 75,
  "val_macro_f1": 0.050081654872074034,
  "test_macro_f1": 0.04698672114402451,
  "test_accuracy": 0.3484848439693451
}