{
  "dataset": "aminer",
  "use_topology": false,
  "seed": 0,
  "topology_source": null,
  "num_nodes": 6000,
  "num_classes": 8,
  "node_features": "on",
  "val_macro_f1": 0.35078255641062017,
  "test_macro_f1": 0.3534865150292593,
  "test_accuracy": 0.6569037437438965
}