{
  "dataset": "aminer",
  "use_topology": true,
  "seed": 0,
  "topology_source": "gtn",
  "num_nodes": 6000,
  "num_classes": 8,
  "gtn_attentions": [
    [
      [
        [
          0.346707284450531,
          0.26997387409210205,
          0.38331887125968933
        ],
        [
          0.3467397689819336,
          0.2697818875312805,
          0.3834783434867859
        ],
        [
          0.3472769856452942,
          0.26947271823883057,
          0.38325026631355286
        ],
        [
          0.34792277216911316,
          0.26902320981025696,
          0.38305404782295227
        ]
      ],
      [
        [
          0.38066163659095764,
          0.24776840209960938,
          0.371569961309433
        ],
        [
          0.38058021664619446,
          0.247817263007164,
          0.3716025650501251
        ],
        [
          0.3806726634502411,
          0.24779222905635834,
          0.37153512239456177
        ],
        [
          0.3807459771633148,
          0.2478758692741394,
          0.3713781237602234
        ]
      ]
    ]
  ],
  "gtn_only_test_macro_f1": 0.23660603748798792,
  "gtn_only_test_accuracy": 0.5617154836654663,
  "gtn_only_val_macro_f1": 0.24222197267174359,
  "node_features": "on",
  "fusion_beta": [
    0.2950786352157593,
    0.08714468777179718,
    0.11919298768043518,
    0.49858370423316956
  ],
  "topo_dim": 75,
  "val_macro_f1": 0.4284333173678247,
  "test_macro_f1": 0.4260963765965181,
  "test_accuracy": 0.6443514227867126
}