{
  "dataset": "aminer",
  "use_topology": true,
  "seed": 1,
  "topology_source": "gtn",
  "num_nodes": 6000,
  "num_classes": 8,
  "gtn_attentions": [
    [
      [
        [
          0.3233077824115753,
          0.31195661425590515,
          0.36473560333251953
        ],
        [
          0.32378584146499634,
          0.311460018157959,
          0.3647541105747223
        ],
        [
          0.323758602142334,
          0.31156647205352783,
          0.3646749258041382
        ],
        [
          0.3234066069126129,
          0.3117358386516571,
          0.3648574948310852
        ]
      ],
      [
        [
          0.3646925687789917,
          0.27633222937583923,
          0.35897520184516907
        ],
        [
          0.3648550808429718,
          0.2762299180030823,
          0.3589150607585907
        ],
        [
          0.36482125520706177,
          0.2762795388698578,
          0.35889917612075806
        ],
        [
          0.3648264706134796,
          0.27612465620040894,
          0.35904890298843384
        ]
      ]
    ],
    [
      [
        [
          0.3324069380760193,
          0.31799569725990295,
          0.34959739446640015
        ],
        [
          0.3325239419937134,
          0.3178795278072357,
          0.3495965301990509
        ],
        [
          0.33253973722457886,
          0.31792333722114563,
          0.3495368957519531
        ],
        [
          0.3323231637477875,
          0.3179062604904175,
          0.34977054595947266
        ]
      ]
    ],
    [
      [
        [
          0.38056519627571106,
          0.23749777674674988,
          0.38193702697753906
        ],
        [
          0.380577951669693,
          0.23757179081439972,
          0.3818502426147461
        ],
        [
          0.38054409623146057,
          0.23757050931453705,
          0.3818854093551636
        ],
        [
          0.3805358111858368,
          0.2375495582818985,
          0.3819146454334259
        ]
      ]
    ]
  ],
  "gtn_only_test_macro_f1": 0.3045234515170745,
  "gtn_only_test_accuracy": 0.6006458401679993,
  "gtn_only_val_macro_f1": 0.3160554624542281,
  "node_features": "on",
  "fusion_beta": [
    0.007130923680961132,
    0.35258257389068604,
    0.5896009802818298,
    0.050685495138168335
  ],
  "topo_dim": 75,
  "val_macro_f1": 0.4762365093548485,
  "test_macro_f1": 0.43384274776239773,
  "test_accuracy": 0.6103336811065674
}