{
  "dataset": "aminer",
  "use_topology": true,
  "seed": 1,
  "topology_source": "gtn",
  "num_nodes": 6000,
  "num_classes": 8,
  "gtn_attentions": [
    [
      [
        [
          0.30060258507728577,
          0.3173833191394806,
          0.38201409578323364
        ],
        [
          0.3004511296749115,
          0.31700241565704346,
          0.38254642486572266
        ]
      ],
      [
        [
          0.37657326459884644,
          0.2590634226799011,
          0.36436328291893005
        ],
        [
          0.37670087814331055,
          0.25886252522468567,
          0.3644365668296814
        ]
      ]
    ],
    [
      [
        [
          0.37631943821907043,
          0.24459826946258545,
          0.3790823221206665
        ],
        [
          0.37619659304618835,
          0.24485832452774048,
          0.37894508242607117
        ]
      ]
    ]
  ],
  "gtn_only_test_macro_f1": 0.261655089202551,
  "gtn_only_test_accuracy": 0.5328310132026672,
  "gtn_only_val_macro_f1": 0.25798762115884505,
  "node_features": "on",
  "fusion_beta": [
    0.3006950616836548,
    0.69930499792099
  ],
  "topo_dim": 75,
  "val_macro_f1": 0.4778446351967967,
  "test_macro_f1": 0.4582908998623844,
  "test_accuracy": 0.6264800429344177
}