{
  "dataset": "aminer",
  "use_topology": true,
  "seed": 2,
  "topology_source": "gtn",
  "num_nodes": 6000,
  "num_classes": 8,
  "gtn_attentions": [
    [
      [
        [
          0.316002756357193,
          0.29970160126686096,
          0.38429567217826843
        ],
        [
          0.3161943554878235,
          0.2990785539150238,
          0.3847271203994751
        ]
      ],
      [
        [
          0.38781651854515076,
          0.25507429242134094,
          0.3571091890335083
        ],
        [
          0.38785475492477417,
          0.2549630403518677,
          0.357182115316391
        ]
      ]
    ],
    [
      [
        [
          0.37360623478889465,
          0.2504737675189972,
          0.37591999769210815
        ],
        [
          0.3733865022659302,
          0.25087645649909973,
          0.3757370412349701
        ]
      ]
    ]
  ],
  "gtn_only_test_macro_f1": 0.27088596643699786,
  "gtn_only_test_accuracy": 0.526849091053009,
  "gtn_only_val_macro_f1": 0.2824907046406734,
  "node_features": "on",
  "fusion_beta": [
    0.7278264760971069,
    0.2721734642982483
  ],
  "topo_dim": 75,
  "val_macro_f1": 0.5981392007078787,
  "test_macro_f1": 0.5792092664576813,
  "test_accuracy": 0.6605876684188843
}