{
  "dataset": "aminer",
  "use_topology": true,
  "seed": 1,
  "topology_source": "manual",
  "num_nodes": 6000,
  "num_classes": 8,
  "manual_metapaths": [
    "APA",
    "APVPA"
  ],
  "node_features": "on",
  "fusion_beta": [
    0.017718831077218056,
    0.9822812080383301
  ],
  "topo_dim": 75,
  "val_macro_f1": 0.48559950703733284,
  "test_macro_f1": 0.4698327878800379,
  "test_accuracy": 0.6329386234283447
}