{
  "dataset": "aminer",
  "use_topology": true,
  "seed": 2,
  "topology_source": "gtn",
  "num_nodes": 6000,
  "num_classes": 8,
  "gtn_attentions": [
    [
      [
        [
          0.3314974904060364,
          0.3028847873210907,
          0.36561769247055054
        ],
        [
          0.33182793855667114,
          0.3024660050868988,
          0.36570608615875244
        ],
        [
          0.33006757497787476,
          0.30387774109840393,
          0.3660546839237213
        ],
        [
          0.33093684911727905,
          0.30326205492019653,
          0.365801066160202
        ]
      ],
      [
        [
          0.3867453634738922,
          0.2640487253665924,
          0.3492059111595154
        ],
        [
          0.3870078921318054,
          0.2638099789619446,
          0.3491820693016052
        ],
        [
          0.38694751262664795,
          0.2637873589992523,
          0.34926509857177734
        ],
        [
          0.3870053291320801,
          0.26388928294181824,
          0.3491054177284241
        ]
      ]
    ],
    [
      [
        [
          0.37914422154426575,
          0.24020011723041534,
          0.3806556165218353
        ],
        [
          0.3789769411087036,
          0.2404121458530426,
          0.3806108236312866
        ],
        [
          0.3791554868221283,
          0.2400810569524765,
          0.3807635009288788
        ],
        [
          0.3791401982307434,
          0.24012978374958038,
          0.3807299733161926
        ]
      ]
    ]
  ],
  "gtn_only_test_macro_f1": 0.25918682719262454,
  "gtn_only_test_accuracy": 0.5197568535804749,
  "gtn_only_val_macro_f1": 0.2746316245148265,
  "node_features": "off",
  "fusion_beta": [
    0.118130162358284,
    0.6780496835708618,
    0.08911203593015671,
    0.11470811069011688
  ],
  "topo_dim": 75,
  "val_macro_f1": 0.5541234628254784,
  "test_macro_f1": 0.5358567293719128,
  "test_accuracy": 0.6190476417541504
}