{
  "dataset": "aminer",
  "use_topology": true,
  "seed": 2,
  "topology_source": "gtn",
  "num_nodes": 6000,
  "num_classes": 8,
  "gtn_attentions": [
    [
      [
        [
          0.3538408875465393,
          0.2838062047958374,
          0.3623529076576233
        ],
        [
          0.35428112745285034,
          0.2833526134490967,
          0.3623662292957306
        ],
        [
          0.35286277532577515,
          0.2842690646648407,
          0.36286821961402893
        ],
        [
          0.3537123501300812,
          0.28372037410736084,
          0.36256730556488037
        ]
      ],
      [
        [
          0.38561880588531494,
          0.2635560929775238,
          0.35082510113716125
        ],
        [
          0.3857051134109497,
          0.2634236216545105,
          0.3508712351322174
        ],
        [
          0.3856090307235718,
          0.26342272758483887,
          0.35096824169158936
        ],
        [
          0.385638564825058,
          0.26345664262771606,
          0.35090479254722595
        ]
      ]
    ],
    [
      [
        [
          0.33570796251296997,
          0.312453955411911,
          0.3518381416797638
        ],
        [
          0.33609703183174133,
          0.3120884299278259,
          0.35181453824043274
        ],
        [
          0.33598819375038147,
          0.31216368079185486,
          0.3518480956554413
        ],
        [
          0.33534830808639526,
          0.31264960765838623,
          0.3520021140575409
        ]
      ]
    ],
    [
      [
        [
          0.38125160336494446,
          0.23745401203632355,
          0.3812943696975708
        ],
        [
          0.38121888041496277,
          0.23745374381542206,
          0.381327360868454
        ],
        [
          0.3813253343105316,
          0.23724161088466644,
          0.38143303990364075
        ],
        [
          0.3812260627746582,
          0.23746179044246674,
          0.38131216168403625
        ]
      ]
    ]
  ],
  "gtn_only_test_macro_f1": 0.23921871503322262,
  "gtn_only_test_accuracy": 0.5106382966041565,
  "gtn_only_val_macro_f1": 0.24748260185419466,
  "node_features": "on",
  "fusion_beta": [
    0.058060094714164734,
    0.08469240367412567,
    0.30308428406715393,
    0.5541632771492004
  ],
  "topo_dim": 75,
  "val_macro_f1": 0.6195506469970282,
  "test_macro_f1": 0.6225836994063693,
  "test_accuracy": 0.678824782371521
}