{
  "dataset": "aminer",
  "use_topology": false,
  "seed": 1,
  "topology_source": null,
  "num_nodes": 6000,
  "num_classes": 8,
  "node_features": "on",
  "val_macro_f1": 0.3759639019501887,
  "test_macro_f1": 0.3807529185232361,
  "test_accuracy": 0.6426264643669128
}