{
  "dataset": "aminer",
  "use_topology": true,
  "seed": 0,
  "topology_source": "random",
  "num_nodes": 6000,
  "num_classes": 8,
  "random_metapath": true,
  "node_features": "on",
  "fusion_beta": [
    0.04605109617114067,
    0.5120044350624084,
    0.05043667554855347,
    0.3915078043937683
  ],
  "topo_dim": 75,
  "val_macro_f1": 0.43079084464882966,
  "test_macro_f1": 0.44059505999529835,
  "test_accuracy": 0.6370292901992798
}