{
  "dataset": "aminer",
  "use_topology": true,
  "seed": 2,
  "topology_source": "manual",
  "num_nodes": 6000,
  "num_classes": 8,
  "manual_metapaths": [
    "APA",
    "APVPA"
  ],
  "node_features": "on",
  "fusion_beta": [
    0.010021539404988289,
    0.9899784326553345
  ],
  "topo_dim": 75,
  "val_macro_f1": 0.6116290145273483,
  "test_macro_f1": 0.6172153160408529,
  "test_accuracy": 0.6950355172157288
}