{
  "dataset": "aminer",
  "use_topology": true,
  "seed": 0,
  "topology_source": "gtn",
  "num_nodes": 6000,
  "num_classes": 8,
  "gtn_attentions": [
    [
      [
        [
          0.31840333342552185,
          0.32125478982925415,
          0.3603418469429016
        ],
        [
          0.31818318367004395,
          0.32127684354782104,
          0.3605400025844574
        ],
        [
          0.3190372884273529,
          0.3203872740268707,
          0.360575407743454
        ],
        [
          0.31894180178642273,
          0.32041260600090027,
          0.360645592212677
        ]
      ],
      [
        [
          0.36865463852882385,
          0.27391237020492554,
          0.3574329614639282
        ],
        [
          0.36863788962364197,
          0.2736426293849945,
          0.3577194809913635
        ],
        [
          0.3687572777271271,
          0.2736962139606476,
          0.35754647850990295
        ],
        [
          0.36883941292762756,
          0.2737186551094055,
          0.3574419617652893
        ]
      ]
    ],
    [
      [
        [
          0.3751251697540283,
          0.24647082388401031,
          0.37840399146080017
        ],
        [
          0.37495070695877075,
          0.24688394367694855,
          0.3781653344631195
        ],
        [
          0.3751756548881531,
          0.24646787345409393,
          0.3783564865589142
        ],
        [
          0.3752526640892029,
          0.2463786005973816,
          0.37836870551109314
        ]
      ]
    ]
  ],
  "gtn_only_test_macro_f1": 0.2067230413240073,
  "gtn_only_test_accuracy": 0.5031380653381348,
  "gtn_only_val_macro_f1": 0.20860356834989338,
  "node_features": "off",
  "fusion_beta": [
    0.20339004695415497,
    0.3181568682193756,
    0.22314143180847168,
    0.25531160831451416
  ],
  "topo_dim": 75,
  "val_macro_f1": 0.435993969000407,
  "test_macro_f1": 0.416746287300187,
  "test_accuracy": 0.6119246482849121
}