{
  "dataset": "aminer",
  "use_topology": false,
  "seed": 2,
  "topology_source": null,
  "num_nodes": 6000,
  "num_classes": 8,
  "node_features": "on",
  "val_macro_f1": 0.5303228120435822,
  "test_macro_f1": 0.5415976132725879,
  "test_accuracy": 0.698074996471405
}