{
  "dataset": "aminer",
  "use_topology": true,
  "seed": 0,
  "topology_source": "gtn",
  "num_nodes": 6000,
  "num_classes": 8,
  "gtn_attentions": [
    [
      [
        [
          0.31625789403915405,
          0.3281557857990265,
          0.3555862605571747
        ],
        [
          0.3160533308982849,
          0.3282928168773651,
          0.35565388202667236
        ],
        [
          0.31660348176956177,
          0.3277567923069,
          0.3556397557258606
        ],
        [
          0.31666967272758484,
          0.3276379108428955,
          0.35569241642951965
        ]
      ],
      [
        [
          0.36228230595588684,
          0.28253138065338135,
          0.3551862835884094
        ],
        [
          0.36236196756362915,
          0.2823522090911865,
          0.35528579354286194
        ],
        [
          0.36236271262168884,
          0.28251317143440247,
          0.3551241457462311
        ],
        [
          0.3621874749660492,
          0.28269925713539124,
          0.35511329770088196
        ]
      ]
    ],
    [
      [
        [
          0.3271428644657135,
          0.3275566101074219,
          0.3453005254268646
        ],
        [
          0.3272568881511688,
          0.3274320662021637,
          0.3453110456466675
        ],
        [
          0.32714053988456726,
          0.32767748832702637,
          0.34518203139305115
        ],
        [
          0.327274888753891,
          0.32755157351493835,
          0.34517350792884827
        ]
      ]
    ],
    [
      [
        [
          0.37892666459083557,
          0.24037793278694153,
          0.3806953430175781
        ],
        [
          0.37882286310195923,
          0.2405478060245514,
          0.38062936067581177
        ],
        [
          0.37885168194770813,
          0.24054472148418427,
          0.3806036114692688
        ],
        [
          0.3787684738636017,
          0.2407112866640091,
          0.380520224571228
        ]
      ]
    ]
  ],
  "gtn_only_test_macro_f1": 0.17207019478544494,
  "gtn_only_test_accuracy": 0.44665271043777466,
  "gtn_only_val_macro_f1": 0.17245480196733431,
  "node_features": "on",
  "fusion_beta": [
    0.23966358602046967,
    0.25275784730911255,
    0.2919357419013977,
    0.2156427651643753
  ],
  "topo_dim": 75,
  "val_macro_f1": 0.4375315510349771,
  "test_macro_f1": 0.43912814164447406,
  "test_accuracy": 0.6370292901992798
}