{
  "dataset": "aminer",
  "use_topology": true,
  "seed": 1,
  "topology_source": "gtn",
  "num_nodes": 6000,
  "num_classes": 8,
  "gtn_attentions": [
    [
      [
        [
          0.34633317589759827,
          0.2635963261127472,
          0.39007052779197693
        ],
        [
          0.34664440155029297,
          0.26346105337142944,
          0.3898944854736328
        ],
        [
          0.3459703028202057,
          0.263851523399353,
          0.3901781439781189
        ],
        [
          0.34619176387786865,
          0.26368147134780884,
          0.3901267647743225
        ]
      ],
      [
        [
          0.3809718191623688,
          0.24582691490650177,
          0.37320131063461304
        ],
        [
          0.3811377286911011,
          0.2457873374223709,
          0.37307485938072205
        ],
        [
          0.3808732330799103,
          0.2459457516670227,
          0.3731810748577118
        ],
        [
          0.38121357560157776,
          0.24566619098186493,
          0.37312018871307373
        ]
      ]
    ]
  ],
  "gtn_only_test_macro_f1": 0.3198600027733781,
  "gtn_only_test_accuracy": 0.6157158017158508,
  "gtn_only_val_macro_f1": 0.324751058606809,
  "node_features": "on",
  "fusion_beta": [
    0.005984784569591284,
    0.7833245992660522,
    0.16850551962852478,
    0.042185116559267044
  ],
  "topo_dim": 75,
  "val_macro_f1": 0.48030877757981216,
  "test_macro_f1": 0.4656220491806794,
  "test_accuracy": 0.6243272423744202
}