{
  "dataset": "aminer",
  "use_topology": true,
  "seed": 2,
  "topology_source": "random",
  "num_nodes": 6000,
  "num_classes": 8,
  "random_metapath": true,
  "node_features": "on",
  "fusion_beta": [
    0.1348268687725067,
    0.35343435406684875,
    0.035941075533628464,
    0.47579774260520935
  ],
  "topo_dim": 75,
  "val_macro_f1": 0.6228587210213897,
  "test_macro_f1": 0.6468702471113652,
  "test_accuracy": 0.6990881562232971
}