{
  "dataset": "aminer",
  "use_topology": true,
  "seed": 1,
  "topology_source": "gtn",
  "num_nodes": 6000,
  "num_classes": 8,
  "gtn_attentions": [
    [
      [
        [
          0.32110753655433655,
          0.3137221932411194,
          0.36517027020454407
        ],
        [
          0.3213333189487457,
          0.3133786916732788,
          0.3652879595756531
        ],
        [
          0.3214539885520935,
          0.31331250071525574,
          0.36523354053497314
        ],
        [
          0.3210558295249939,
          0.3136455714702606,
          0.36529862880706787
        ]
      ],
      [
        [
          0.3623439073562622,
          0.27935361862182617,
          0.35830241441726685
        ],
        [
          0.36223262548446655,
          0.27940765023231506,
          0.3583596646785736
        ],
        [
          0.3621004521846771,
          0.2794766426086426,
          0.3584228754043579
        ],
        [
          0.36226487159729004,
          0.27929115295410156,
          0.3584439754486084
        ]
      ]
    ],
    [
      [
        [
          0.37340840697288513,
          0.2513015568256378,
          0.37529006600379944
        ],
        [
          0.3734678328037262,
          0.25129690766334534,
          0.3752352297306061
        ],
        [
          0.3734612762928009,
          0.25126388669013977,
          0.3752748370170593
        ],
        [
          0.3733423948287964,
          0.25140050053596497,
          0.3752571642398834
        ]
      ]
    ]
  ],
  "gtn_only_test_macro_f1": 0.3127221584061596,
  "gtn_only_test_accuracy": 0.6103336811065674,
  "gtn_only_val_macro_f1": 0.3222710877764119,
  "node_features": "on",
  "fusion_beta": [
    0.26096081733703613,
    0.31625309586524963,
    0.07617425173521042,
    0.34661176800727844
  ],
  "topo_dim": 75,
  "val_macro_f1": 0.5024247443158375,
  "test_macro_f1": 0.480533307005615,
  "test_accuracy": 0.6264800429344177
}