{
  "dataset": "aminer",
  "use_topology": true,
  "seed": 0,
  "topology_source": "gtn",
  "num_nodes": 6000,
  "num_classes": 8,
  "gtn_attentions": [
    [
      [
        [
          0.3333333432674408,
          0.3333333432674408,
          0.3333333432674408
        ],
        [
          0.3333333432674408,
          0.3333333432674408,
          0.3333333432674408
        ]
      ],
      [
        [
          0.3333333432674408,
          0.3333333432674408,
          0.3333333432674408
        ],
        [
          0.3333333432674408,
          0.3333333432674408,
          0.3333333432674408
        ]
      ]
    ],
    [
      [
        [
          0.3333333432674408,
          0.3333333432674408,
          0.3333333432674408
        ],
        [
          0.3333333432674408,
          0.333333283662796,
          0.3333333432674408
        ]
      ]
    ]
  ],
  "gtn_only_test_macro_f1": 0.06328125,
  "gtn_only_test_accuracy": 0.33891212940216064,
  "gtn_only_val_macro_f1": 0.06354249404289118,
  "node_features": "on",
  "fusion_beta": [
    0.2003174126148224,
    0.7996826171875
  ],
  "topo_dim": 75,
  "val_macro_f1": 0.4204966565696987,
  "test_macro_f1": 0.4317105473266883,
  "test_accuracy": 0.6391212940216064
}