{
  "dataset": "aminer",
  "use_topology": true,
  "seed": 2,
  "topology_source": "gtn",
  "num_nodes": 6000,
  "num_classes": 8,
  "gtn_attentions": [
    [
      [
        [
          0.37811678647994995,
          0.24925829470157623,
          0.3726249039173126
        ],
        [
          0.37806591391563416,
          0.24903568625450134,
          0.3728984296321869
        ],
        [
          0.37781333923339844,
          0.24906384944915771,
          0.37312284111976624
        ],
        [
          0.3782077729701996,
          0.2490440011024475,
          0.3727482259273529
        ]
      ],
      [
        [
          0.3864475190639496,
          0.24488188326358795,
          0.36867058277130127
        ],
        [
          0.38627853989601135,
          0.24479326605796814,
          0.3689282238483429
        ],
        [
          0.38625743985176086,
          0.24470773339271545,
          0.3690348267555237
        ],
        [
          0.3865135908126831,
          0.24475312232971191,
          0.3687332570552826
        ]
      ]
    ]
  ],
  "gtn_only_test_macro_f1": 0.2729725682246058,
  "gtn_only_test_accuracy": 0.5288754105567932,
  "gtn_only_val_macro_f1": 0.2732523793138239,
  "node_features": "on",
  "fusion_beta": [
    0.0056308843195438385,
    0.8282012939453125,
    0.013470483012497425,
    0.1526973843574524
  ],
  "topo_dim": 75,
  "val_macro_f1": 0.5610724380105003,
  "test_macro_f1": 0.5650944822328166,
  "test_accuracy": 0.6686930656433105
}