{
  "dataset": "bgs",
  "use_topology": false,
  "seed": 2,
  "topology_source": null,
  "num_nodes": 3993,
  "num_classes": 2,
  "node_features": "on",
  "val_macro_f1": 0.4193548387096774,
  "test_macro_f1": 0.3958333333333333,
  "test_accuracy": 0.6551724076271057
}