{
  "dataset": "bgs",
  "use_topology": true,
  "seed": 0,
  "topology_source": "gtn",
  "num_nodes": 3993,
  "num_classes": 2,
  "gtn_attentions": [
    [
      [
        [
          0.1428571492433548,
          0.14285649359226227,
          0.14285726845264435,
          0.14285726845264435,
          0.14285722374916077,
          0.14285722374916077,
          0.14285731315612793
        ],
        [
          0.14285650849342346,
          0.1428615152835846,
          0.1428563892841339,
          0.1428563892841339,
          0.14285631477832794,
          0.14285631477832794,
          0.14285656809806824
        ],
        [
          0.14285799860954285,
          0.14285330474376678,
          0.14285777509212494,
          0.14285777509212494,
          0.14285774528980255,
          0.14285774528980255,
          0.14285767078399658
        ],
        [
          0.14285749197006226,
          0.14285477995872498,
          0.14285752177238464,
          0.14285752177238464,
          0.14285756647586823,
          0.14285756647586823,
          0.14285755157470703
        ]
      ],
      [
        [
          0.14285722374916077,
          0.1428564488887787,
          0.14285726845264435,
          0.14285726845264435,
          0.14285722374916077,
          0.14285722374916077,
          0.14285731315612793
        ],
        [
          0.14285629987716675,
          0.14286179840564728,
          0.14285637438297272,
          0.14285637438297272,
          0.14285629987716675,
          0.14285629987716675,
          0.14285655319690704
        ],
        [
          0.14285776019096375,
          0.1428535133600235,
          0.14285777509212494,
          0.14285777509212494,
          0.14285776019096375,
          0.14285776019096375,
          0.14285768568515778
        ],
        [
          0.14285756647586823,
          0.14285467565059662,
          0.14285752177238464,
          0.14285752177238464,
          0.14285756647586823,
          0.14285756647586823,
          0.14285755157470703
        ]
      ]
    ]
  ],
  "gtn_only_test_macro_f1": 0.3958333333333333,
  "gtn_only_test_accuracy": 0.6551724076271057,
  "gtn_only_val_macro_f1": 0.4193548387096774,
  "node_features": "on",
  "fusion_beta": [
    0.2621023654937744,
    0.34815290570259094,
    0.20470085740089417,
    0.18504393100738525
  ],
  "topo_dim": 75,
  "val_macro_f1": 0.4193548387096774,
  "test_macro_f1": 0.3958333333333333,
  "test_accuracy": 0.6551724076271057
}