{
  "dataset": "bgs",
  "use_topology": true,
  "seed": 2,
  "topology_source": "gtn",
  "num_nodes": 3993,
  "num_classes": 2,
  "gtn_attentions": [
    [
      [
        [
          0.14284932613372803,
          0.14286530017852783,
          0.1428573578596115,
          0.1428573578596115,
          0.14284932613372803,
          0.14284932613372803,
          0.14287202060222626
        ],
        [
          0.14285719394683838,
          0.14285814762115479,
          0.1428568810224533,
          0.1428568810224533,
          0.14285722374916077,
          0.14285722374916077,
          0.1428564041852951
        ]
      ],
      [
        [
          0.1428545117378235,
          0.1428545117378235,
          0.14285236597061157,
          0.14285236597061157,
          0.1428545117378235,
          0.1428545117378235,
          0.14287720620632172
        ],
        [
          0.142857164144516,
          0.14285720884799957,
          0.14285746216773987,
          0.14285746216773987,
          0.14285717904567719,
          0.14285717904567719,
          0.14285634458065033
        ]
      ]
    ],
    [
      [
        [
          0.14287546277046204,
          0.14284805953502655,
          0.142838716506958,
          0.142838716506958,
          0.14287546277046204,
          0.14287546277046204,
          0.14284811913967133
        ],
        [
          0.14285755157470703,
          0.14285534620285034,
          0.1428583264350891,
          0.1428583264350891,
          0.14285755157470703,
          0.14285755157470703,
          0.14285531640052795
        ]
      ]
    ]
  ],
  "gtn_only_test_macro_f1": 0.3958333333333333,
  "gtn_only_test_accuracy": 0.6551724076271057,
  "gtn_only_val_macro_f1": 0.4193548387096774,
  "node_features": "on",
  "fusion_beta": [
    0.48187270760536194,
    0.5181273221969604
  ],
  "topo_dim": 75,
  "val_macro_f1": 0.4193548387096774,
  "test_macro_f1": 0.3958333333333333,
  "test_accuracy": 0.6551724076271057
}