{
  "dataset": "bgs",
  "use_topology": true,
  "seed": 1,
  "topology_source": "gtn",
  "num_nodes": 3993,
  "num_classes": 2,
  "gtn_attentions": [
    [
      [
        [
          0.14284664392471313,
          0.1428287923336029,
          0.14286422729492188,
          0.14286422729492188,
          0.14284658432006836,
          0.14284658432006836,
          0.1429029256105423
        ],
        [
          0.14282748103141785,
          0.14287082850933075,
          0.14286242425441742,
          0.14286242425441742,
          0.14282742142677307,
          0.14282742142677307,
          0.14292201399803162
        ]
      ],
      [
        [
          0.14285166561603546,
          0.1428515464067459,
          0.14284271001815796,
          0.14284271001815796,
          0.14285168051719666,
          0.14285168051719666,
          0.1429080218076706
        ],
        [
          0.14284729957580566,
          0.14284735918045044,
          0.14283446967601776,
          0.14283446967601776,
          0.14284726977348328,
          0.14284726977348328,
          0.14294187724590302
        ]
      ]
    ],
    [
      [
        [
          0.1431419402360916,
          0.14260746538639069,
          0.14267967641353607,
          0.14267967641353607,
          0.1431419402360916,
          0.1431419402360916,
          0.14260734617710114
        ],
        [
          0.1430397480726242,
          0.14270173013210297,
          0.14273841679096222,
          0.14273841679096222,
          0.1430397480726242,
          0.1430397480726242,
          0.14270223677158356
        ]
      ]
    ]
  ],
  "gtn_only_test_macro_f1": 0.3958333333333333,
  "gtn_only_test_accuracy": 0.6551724076271057,
  "gtn_only_val_macro_f1": 0.4193548387096774,
  "node_features": "on",
  "fusion_beta": [
    0.5700112581253052,
    0.42998871207237244
  ],
  "topo_dim": 75,
  "val_macro_f1": 0.4193548387096774,
  "test_macro_f1": 0.3829787234042553,
  "test_accuracy": 0.6206896305084229
}