{
  "dataset": "bgs",
  "use_topology": true,
  "seed": 2,
  "topology_source": "random",
  "num_nodes": 3993,
  "num_classes": 2,
  "random_metapath": true,
  "node_features": "on",
  "fusion_beta": [
    0.19113674759864807,
    0.17181065678596497,
    0.42663562297821045,
    0.21041694283485413
  ],
  "topo_dim": 75,
  "val_macro_f1": 0.4193548387096774,
  "test_macro_f1": 0.3958333333333333,
  "test_accuracy": 0.6551724076271057
}