{
  "dataset": "bgs",
  "use_topology": true,
  "seed": 2,
  "topology_source": "gtn",
  "num_nodes": 3993,
  "num_classes": 2,
  "gtn_attentions": [
    [
      [
        [
          0.1428578495979309,
          0.14285588264465332,
          0.14285722374916077,
          0.14285722374916077,
          0.14285732805728912,
          0.14285732805728912,
          0.14285719394683838
        ],
        [
          0.14285661280155182,
          0.1428612619638443,
          0.1428564190864563,
          0.1428564190864563,
          0.1428563892841339,
          0.1428563892841339,
          0.14285650849342346
        ],
        [
          0.14285731315612793,
          0.1428564190864563,
          0.14285723865032196,
          0.14285723865032196,
          0.14285723865032196,
          0.14285723865032196,
          0.14285731315612793
        ],
        [
          0.14285726845264435,
          0.14285540580749512,
          0.14285747706890106,
          0.14285747706890106,
          0.1428573876619339,
          0.1428573876619339,
          0.14285755157470703
        ]
      ],
      [
        [
          0.14285731315612793,
          0.14285637438297272,
          0.14285720884799957,
          0.14285720884799957,
          0.14285731315612793,
          0.14285731315612793,
          0.14285717904567719
        ],
        [
          0.14285637438297272,
          0.14286155998706818,
          0.1428564041852951,
          0.1428564041852951,
          0.14285637438297272,
          0.14285637438297272,
          0.14285647869110107
        ],
        [
          0.14285723865032196,
          0.14285647869110107,
          0.14285723865032196,
          0.14285723865032196,
          0.14285723865032196,
          0.14285723865032196,
          0.14285731315612793
        ],
        [
          0.1428573876619339,
          0.14285530149936676,
          0.14285747706890106,
          0.14285747706890106,
          0.1428573876619339,
          0.1428573876619339,
          0.14285755157470703
        ]
      ]
    ]
  ],
  "gtn_only_test_macro_f1": 0.3958333333333333,
  "gtn_only_test_accuracy": 0.6551724076271057,
  "gtn_only_val_macro_f1": 0.4193548387096774,
  "node_features": "on",
  "fusion_beta": [
    0.2526211738586426,
    0.29145491123199463,
    0.26001113653182983,
    0.19591280817985535
  ],
  "topo_dim": 75,
  "val_macro_f1": 0.4193548387096774,
  "test_macro_f1": 0.3958333333333333,
  "test_accuracy": 0.6551724076271057
}