{
  "dataset": "dblp",
  "use_topology": true,
  "seed": 1,
  "topology_source": "gtn",
  "num_nodes": 4057,
  "num_classes": 4,
  "gtn_attentions": [
    [
      [
        [
          0.26916441321372986,
          0.2002982348203659,
          0.3020292818546295,
          0.22850804030895233
        ],
        [
          0.26891741156578064,
          0.2004595249891281,
          0.30475127696990967,
          0.22587178647518158
        ]
      ],
      [
        [
          0.23318339884281158,
          0.21101753413677216,
          0.31664037704467773,
          0.2391587197780609
        ],
        [
          0.23191531002521515,
          0.21415922045707703,
          0.3146868348121643,
          0.23923859000205994
        ]
      ]
    ],
    [
      [
        [
          0.2702055871486664,
          0.18648487329483032,
          0.28614288568496704,
          0.25716665387153625
        ],
        [
          0.2715005874633789,
          0.18493425846099854,
          0.28570374846458435,
          0.2578614354133606
        ]
      ]
    ]
  ],
  "gtn_only_test_macro_f1": 0.9216334333393248,
  "gtn_only_test_accuracy": 0.9295774102210999,
  "gtn_only_val_macro_f1": 0.9209847530294906,
  "node_features": "on",
  "fusion_beta": [
    0.9865803718566895,
    0.013419648632407188
  ],
  "topo_dim": 75,
  "val_macro_f1": 0.8742805411358666,
  "test_macro_f1": 0.8834516674480264,
  "test_accuracy": 0.8880281448364258
}