{
  "dataset": "dblp_pyg",
  "use_topology": true,
  "seed": 2,
  "topology_source": "gtn",
  "num_nodes": 4057,
  "num_classes": 4,
  "gtn_attentions": [
    [
      [
        [
          0.2569102942943573,
          0.20364107191562653,
          0.2972323000431061,
          0.24221636354923248
        ],
        [
          0.25837942957878113,
          0.2015305906534195,
          0.2978774309158325,
          0.24221253395080566
        ],
        [
          0.2578316330909729,
          0.2044382095336914,
          0.29600316286087036,
          0.24172696471214294
        ],
        [
          0.25810569524765015,
          0.2035442590713501,
          0.29611936211586,
          0.24223068356513977
        ]
      ],
      [
        [
          0.26425591111183167,
          0.19608883559703827,
          0.3007834255695343,
          0.238871768116951
        ],
        [
          0.26348790526390076,
          0.19579654932022095,
          0.3016194999217987,
          0.23909606039524078
        ],
        [
          0.2621481120586395,
          0.19710399210453033,
          0.3015122413635254,
          0.23923560976982117
        ],
        [
          0.2661861479282379,
          0.1935778111219406,
          0.3016298711299896,
          0.23860609531402588
        ]
      ]
    ]
  ],
  "gtn_only_test_macro_f1": 0.9232166972133788,
  "gtn_only_test_accuracy": 0.931532084941864,
  "gtn_only_val_macro_f1": 0.9252949776094914,
  "node_features": "on",
  "fusion_beta": [
    0.01659781113266945,
    0.9591699838638306,
    0.010794049128890038,
    0.013438131660223007
  ],
  "topo_dim": 75,
  "val_macro_f1": 0.9383630640239486,
  "test_macro_f1": 0.9239906132157023,
  "test_accuracy": 0.9303039312362671
}