{
  "dataset": "dblp",
  "use_topology": true,
  "seed": 1,
  "topology_source": "gtn",
  "num_nodes": 4057,
  "num_classes": 4,
  "gtn_attentions": [
    [
      [
        [
          0.25254857540130615,
          0.20857416093349457,
          0.3027094602584839,
          0.2361678034067154
        ],
        [
          0.2519010305404663,
          0.20818015933036804,
          0.30351024866104126,
          0.236408531665802
        ],
        [
          0.25030267238616943,
          0.20873506367206573,
          0.30609235167503357,
          0.23486986756324768
        ],
        [
          0.2529639005661011,
          0.20955206453800201,
          0.30317968130111694,
          0.23430432379245758
        ]
      ],
      [
        [
          0.24075312912464142,
          0.2178828865289688,
          0.30046284198760986,
          0.2409011870622635
        ],
        [
          0.24177497625350952,
          0.21961650252342224,
          0.298471599817276,
          0.24013684689998627
        ],
        [
          0.23978795111179352,
          0.21769432723522186,
          0.3033972680568695,
          0.23912043869495392
        ],
        [
          0.23435747623443604,
          0.2245398610830307,
          0.30030199885368347,
          0.2408006489276886
        ]
      ]
    ],
    [
      [
        [
          0.2777363061904907,
          0.19147588312625885,
          0.28373539447784424,
          0.2470523864030838
        ],
        [
          0.27606937289237976,
          0.19194558262825012,
          0.28541627526283264,
          0.24656878411769867
        ],
        [
          0.2744644284248352,
          0.19137953221797943,
          0.28740596771240234,
          0.24675004184246063
        ],
        [
          0.2734740972518921,
          0.1946060210466385,
          0.2836654782295227,
          0.2482544481754303
        ]
      ]
    ]
  ],
  "gtn_only_test_macro_f1": 0.9272581175397625,
  "gtn_only_test_accuracy": 0.9345070123672485,
  "gtn_only_val_macro_f1": 0.927539856878631,
  "node_features": "on",
  "fusion_beta": [
    0.00288263987749815,
    0.23233984410762787,
    0.7523671388626099,
    0.012410417199134827
  ],
  "topo_dim": 75,
  "val_macro_f1": 0.8801191846002137,
  "test_macro_f1": 0.86882375641462,
  "test_accuracy": 0.8742957711219788,
  "test_macro_f1_permuted": 0.5473195700910021
}