{
  "dataset": "dblp_pyg",
  "use_topology": false,
  "seed": 1,
  "topology_source": null,
  "num_nodes": 4057,
  "num_classes": 4,
  "node_features": "on",
  "val_macro_f1": 0.9415220237197421,
  "test_macro_f1": 0.935168590017654,
  "test_accuracy": 0.9404359459877014
}