{
  "dataset": "dblp_pyg",
  "use_topology": true,
  "seed": 1,
  "topology_source": "gtn",
  "num_nodes": 4057,
  "num_classes": 4,
  "gtn_attentions": [
    [
      [
        [
          0.25438135862350464,
          0.20387901365756989,
          0.3060073256492615,
          0.23573234677314758
        ],
        [
          0.2548271715641022,
          0.2026004195213318,
          0.30913281440734863,
          0.2334395945072174
        ],
        [
          0.25550365447998047,
          0.20268318057060242,
          0.30812278389930725,
          0.23369038105010986
        ],
        [
          0.2564355731010437,
          0.20313656330108643,
          0.30586349964141846,
          0.23456436395645142
        ]
      ],
      [
        [
          0.23696368932724,
          0.2138405591249466,
          0.30737990140914917,
          0.24181583523750305
        ],
        [
          0.23465055227279663,
          0.21696360409259796,
          0.30796611309051514,
          0.24041976034641266
        ],
        [
          0.23441746830940247,
          0.21252389252185822,
          0.3129947781562805,
          0.2400638610124588
        ],
        [
          0.23604552447795868,
          0.2174435406923294,
          0.3048305809497833,
          0.2416803538799286
        ]
      ]
    ],
    [
      [
        [
          0.2691115438938141,
          0.18215985596179962,
          0.2841830849647522,
          0.2645455300807953
        ],
        [
          0.2669110894203186,
          0.18149706721305847,
          0.2861667275428772,
          0.26542508602142334
        ],
        [
          0.26450398564338684,
          0.18221966922283173,
          0.29008883237838745,
          0.26318758726119995
        ],
        [
          0.26504603028297424,
          0.18356963992118835,
          0.2826509177684784,
          0.268733412027359
        ]
      ]
    ]
  ],
  "gtn_only_test_macro_f1": 0.9216462973069867,
  "gtn_only_test_accuracy": 0.929689884185791,
  "gtn_only_val_macro_f1": 0.9207153240934609,
  "node_features": "on",
  "fusion_beta": [
    0.12059582769870758,
    0.34533730149269104,
    0.4384487271308899,
    0.0956180989742279
  ],
  "topo_dim": 75,
  "val_macro_f1": 0.9369751007424174,
  "test_macro_f1": 0.9292198455985915,
  "test_accuracy": 0.9349094033241272
}