{
  "dataset": "dblp_pyg",
  "use_topology": true,
  "seed": 1,
  "topology_source": "manual",
  "num_nodes": 4057,
  "num_classes": 4,
  "manual_metapaths": [
    "APA",
    "APCPA"
  ],
  "node_features": "on",
  "fusion_beta": [
    0.18307048082351685,
    0.8169295191764832
  ],
  "topo_dim": 75,
  "val_macro_f1": 0.9363715370519361,
  "test_macro_f1": 0.9268312437168764,
  "test_accuracy": 0.9330672025680542
}