{
  "dataset": "dblp",
  "use_topology": true,
  "seed": 0,
  "topology_source": "gtn",
  "num_nodes": 4057,
  "num_classes": 4,
  "gtn_attentions": [
    [
      [
        [
          0.259935587644577,
          0.20787030458450317,
          0.2855110764503479,
          0.2466830313205719
        ],
        [
          0.2578487992286682,
          0.20896770060062408,
          0.28661996126174927,
          0.24656352400779724
        ],
        [
          0.25914594531059265,
          0.20726582407951355,
          0.28806862235069275,
          0.24551957845687866
        ],
        [
          0.25935718417167664,
          0.20996609330177307,
          0.2843592166900635,
          0.2463175356388092
        ]
      ],
      [
        [
          0.2713605463504791,
          0.20172218978405,
          0.28445905447006226,
          0.24245819449424744
        ],
        [
          0.2697877287864685,
          0.2044437825679779,
          0.2842314839363098,
          0.24153704941272736
        ],
        [
          0.2715916335582733,
          0.201826810836792,
          0.2843306064605713,
          0.24225099384784698
        ],
        [
          0.27107399702072144,
          0.2037995457649231,
          0.28310641646385193,
          0.24202005565166473
        ]
      ]
    ]
  ],
  "gtn_only_test_macro_f1": 0.9250235210224024,
  "gtn_only_test_accuracy": 0.9323943257331848,
  "gtn_only_val_macro_f1": 0.9490953490953491,
  "node_features": "on",
  "fusion_beta": [
    0.0881730169057846,
    0.00899498537182808,
    0.8881093859672546,
    0.014722652733325958
  ],
  "topo_dim": 75,
  "val_macro_f1": 0.8616095220032126,
  "test_macro_f1": 0.872824102295975,
  "test_accuracy": 0.8795774579048157
}