{
  "dataset": "dblp_pyg",
  "use_topology": true,
  "seed": 2,
  "topology_source": "manual",
  "num_nodes": 4057,
  "num_classes": 4,
  "manual_metapaths": [
    "APA",
    "APCPA"
  ],
  "node_features": "on",
  "fusion_beta": [
    0.45075035095214844,
    0.5492497086524963
  ],
  "topo_dim": 75,
  "val_macro_f1": 0.9319052525627989,
  "test_macro_f1": 0.9307193133816368,
  "test_accuracy": 0.9361375570297241
}