{
  "dataset": "dblp_pyg",
  "use_topology": true,
  "seed": 2,
  "topology_source": "random",
  "num_nodes": 4057,
  "num_classes": 4,
  "random_metapath": true,
  "node_features": "on",
  "fusion_beta": [
    0.6222631335258484,
    0.1208597719669342,
    0.022067729383707047,
    0.23480936884880066
  ],
  "topo_dim": 75,
  "val_macro_f1": 0.9466158036331532,
  "test_macro_f1": 0.9318179949723554,
  "test_accuracy": 0.9373656511306763
}