{
  "dataset": "dblp",
  "use_topology": true,
  "seed": 2,
  "topology_source": "gtn",
  "num_nodes": 4057,
  "num_classes": 4,
  "gtn_attentions": [
    [
      [
        [
          0.2559393346309662,
          0.21104228496551514,
          0.3022056519985199,
          0.23081275820732117
        ],
        [
          0.25726810097694397,
          0.20980718731880188,
          0.30265799164772034,
          0.23026670515537262
        ],
        [
          0.25493937730789185,
          0.2116612046957016,
          0.3022303283214569,
          0.23116905987262726
        ],
        [
          0.2564094662666321,
          0.21161465346813202,
          0.30153027176856995,
          0.23044557869434357
        ]
      ],
      [
        [
          0.23828239738941193,
          0.2191736102104187,
          0.30376195907592773,
          0.23878204822540283
        ],
        [
          0.23794810473918915,
          0.21700610220432281,
          0.3069186210632324,
          0.2381272166967392
        ],
        [
          0.23552460968494415,
          0.22345249354839325,
          0.30246400833129883,
          0.23855890333652496
        ],
        [
          0.23580829799175262,
          0.21579715609550476,
          0.3117610812187195,
          0.23663344979286194
        ]
      ]
    ],
    [
      [
        [
          0.2627359926700592,
          0.2027236819267273,
          0.295053094625473,
          0.23948723077774048
        ],
        [
          0.2657381594181061,
          0.201424703001976,
          0.2947125732898712,
          0.2381245195865631
        ],
        [
          0.25957098603248596,
          0.2046983242034912,
          0.29569563269615173,
          0.2400350570678711
        ],
        [
          0.26450568437576294,
          0.20186233520507812,
          0.294603168964386,
          0.23902881145477295
        ]
      ]
    ]
  ],
  "gtn_only_test_macro_f1": 0.9141922611431151,
  "gtn_only_test_accuracy": 0.9228872656822205,
  "gtn_only_val_macro_f1": 0.9377022606460658,
  "node_features": "on",
  "fusion_beta": [
    0.014131120406091213,
    0.58689945936203,
    0.015253573656082153,
    0.3837158977985382
  ],
  "topo_dim": 75,
  "val_macro_f1": 0.8502121802449814,
  "test_macro_f1": 0.8578418000785737,
  "test_accuracy": 0.8637323379516602
}