{
  "dataset": "dblp",
  "use_topology": true,
  "seed": 1,
  "topology_source": "gtn",
  "num_nodes": 4057,
  "num_classes": 4,
  "gtn_attentions": [
    [
      [
        [
          0.2607263922691345,
          0.20443964004516602,
          0.2941763997077942,
          0.2406575232744217
        ],
        [
          0.26021748781204224,
          0.20456843078136444,
          0.29414597153663635,
          0.24106810986995697
        ],
        [
          0.2605201303958893,
          0.20471376180648804,
          0.2941800057888031,
          0.2405860871076584
        ],
        [
          0.26335573196411133,
          0.20317316055297852,
          0.29327699542045593,
          0.24019406735897064
        ]
      ],
      [
        [
          0.28480756282806396,
          0.1931488811969757,
          0.2909053564071655,
          0.2311382293701172
        ],
        [
          0.2862437665462494,
          0.19389086961746216,
          0.28778135776519775,
          0.2320840209722519
        ],
        [
          0.2852298617362976,
          0.19324685633182526,
          0.29060837626457214,
          0.2309148907661438
        ],
        [
          0.28561094403266907,
          0.19393493235111237,
          0.2879808843135834,
          0.2324732393026352
        ]
      ]
    ]
  ],
  "gtn_only_test_macro_f1": 0.9301023609452672,
  "gtn_only_test_accuracy": 0.9366196990013123,
  "gtn_only_val_macro_f1": 0.9449754417580112,
  "node_features": "on",
  "fusion_beta": [
    0.013919422402977943,
    0.0054192435927689075,
    0.9755271673202515,
    0.005134077277034521
  ],
  "topo_dim": 75,
  "val_macro_f1": 0.8555019305019306,
  "test_macro_f1": 0.8630207655639238,
  "test_accuracy": 0.8690140247344971
}