{
  "dataset": "dblp",
  "use_topology": true,
  "seed": 1,
  "topology_source": "random",
  "num_nodes": 4057,
  "num_classes": 4,
  "random_metapath": true,
  "node_features": "on",
  "fusion_beta": [
    0.10391240566968918,
    0.3641359210014343,
    0.44555479288101196,
    0.08639691025018692
  ],
  "topo_dim": 75,
  "val_macro_f1": 0.7933366633366632,
  "test_macro_f1": 0.8472997343292192,
  "test_accuracy": 0.85528165102005
}