{
  "dataset": "dblp",
  "use_topology": true,
  "seed": 2,
  "topology_source": "gtn",
  "num_nodes": 4057,
  "num_classes": 4,
  "gtn_attentions": [
    [
      [
        [
          0.26081815361976624,
          0.20582890510559082,
          0.2933504283428192,
          0.24000252783298492
        ],
        [
          0.2615167796611786,
          0.2034175843000412,
          0.2945689857006073,
          0.2404966652393341
        ],
        [
          0.26150408387184143,
          0.2063579559326172,
          0.29252442717552185,
          0.2396135777235031
        ],
        [
          0.26051589846611023,
          0.20572899281978607,
          0.2933368682861328,
          0.24041830003261566
        ]
      ],
      [
        [
          0.28553062677383423,
          0.19304659962654114,
          0.29025813937187195,
          0.2311645895242691
        ],
        [
          0.286080539226532,
          0.19043678045272827,
          0.2919037640094757,
          0.23157896101474762
        ],
        [
          0.2852623462677002,
          0.1936914324760437,
          0.2900184988975525,
          0.2310277223587036
        ],
        [
          0.2861655056476593,
          0.19078867137432098,
          0.2915355861186981,
          0.23151028156280518
        ]
      ]
    ]
  ],
  "gtn_only_test_macro_f1": 0.921302627599496,
  "gtn_only_test_accuracy": 0.9285210967063904,
  "gtn_only_val_macro_f1": 0.9542958856331247,
  "node_features": "on",
  "fusion_beta": [
    0.048980098217725754,
    0.3067690134048462,
    0.12669453024864197,
    0.5175562500953674
  ],
  "topo_dim": 75,
  "val_macro_f1": 0.8448058810249385,
  "test_macro_f1": 0.8537675755066627,
  "test_accuracy": 0.86091548204422
}