{
  "dataset": "dblp",
  "use_topology": true,
  "seed": 0,
  "topology_source": "gtn",
  "num_nodes": 4057,
  "num_classes": 4,
  "gtn_attentions": [
    [
      [
        [
          0.2575938105583191,
          0.21646979451179504,
          0.2957340478897095,
          0.23020236194133759
        ],
        [
          0.2560839056968689,
          0.21705304086208344,
          0.2952183783054352,
          0.23164470493793488
        ],
        [
          0.25676608085632324,
          0.2149031162261963,
          0.2981111407279968,
          0.23021961748600006
        ],
        [
          0.25744253396987915,
          0.21660356223583221,
          0.29569119215011597,
          0.23026271164417267
        ]
      ],
      [
        [
          0.23571856319904327,
          0.2236844152212143,
          0.3043740391731262,
          0.23622293770313263
        ],
        [
          0.23692353069782257,
          0.22739285230636597,
          0.2985037863254547,
          0.23717984557151794
        ],
        [
          0.23665639758110046,
          0.22678522765636444,
          0.29897645115852356,
          0.23758195340633392
        ],
        [
          0.23642461001873016,
          0.22560781240463257,
          0.3003769516944885,
          0.23759062588214874
        ]
      ]
    ],
    [
      [
        [
          0.2589792311191559,
          0.20959335565567017,
          0.29251226782798767,
          0.23891513049602509
        ],
        [
          0.26132094860076904,
          0.21135170757770538,
          0.28949612379074097,
          0.2378312051296234
        ],
        [
          0.2627248764038086,
          0.2076873779296875,
          0.28876522183418274,
          0.24082252383232117
        ],
        [
          0.26363930106163025,
          0.2111097127199173,
          0.28986799716949463,
          0.2353830486536026
        ]
      ]
    ]
  ],
  "gtn_only_test_macro_f1": 0.915077081377476,
  "gtn_only_test_accuracy": 0.9235914945602417,
  "gtn_only_val_macro_f1": 0.9267682887435873,
  "node_features": "on",
  "fusion_beta": [
    0.005231091752648354,
    0.004947811830788851,
    0.020103104412555695,
    0.9697180390357971
  ],
  "topo_dim": 75,
  "val_macro_f1": 0.8900351052226814,
  "test_macro_f1": 0.8837747027570185,
  "test_accuracy": 0.8894366025924683
}