{
  "dataset": "dblp",
  "use_topology": true,
  "seed": 0,
  "topology_source": "gtn",
  "num_nodes": 4057,
  "num_classes": 4,
  "gtn_attentions": [
    [
      [
        [
          0.26572588086128235,
          0.20194533467292786,
          0.30652347207069397,
          0.22580532729625702
        ],
        [
          0.26713892817497253,
          0.2025308758020401,
          0.30284228920936584,
          0.2274879664182663
        ]
      ],
      [
        [
          0.2348508983850479,
          0.21441474556922913,
          0.3136318325996399,
          0.23710252344608307
        ],
        [
          0.23488092422485352,
          0.21617066860198975,
          0.3113098740577698,
          0.23763851821422577
        ]
      ]
    ],
    [
      [
        [
          0.26628172397613525,
          0.19666597247123718,
          0.3010765314102173,
          0.2359757423400879
        ],
        [
          0.2652052044868469,
          0.1994505226612091,
          0.3000548481941223,
          0.23528943955898285
        ]
      ]
    ]
  ],
  "gtn_only_test_macro_f1": 0.9166376811822446,
  "gtn_only_test_accuracy": 0.9239436388015747,
  "gtn_only_val_macro_f1": 0.9322373019800037,
  "node_features": "on",
  "fusion_beta": [
    0.17540748417377472,
    0.8245925307273865
  ],
  "topo_dim": 75,
  "val_macro_f1": 0.8849255553149665,
  "test_macro_f1": 0.8647614914033489,
  "test_accuracy": 0.8700703978538513
}