{
  "dataset": "dblp_pyg",
  "use_topology": true,
  "seed": 2,
  "topology_source": "gtn",
  "num_nodes": 4057,
  "num_classes": 4,
  "gtn_attentions": [
    [
      [
        [
          0.25140640139579773,
          0.20672346651554108,
          0.3112352192401886,
          0.23063497245311737
        ],
        [
          0.2509617507457733,
          0.20577050745487213,
          0.31243157386779785,
          0.2308361828327179
        ],
        [
          0.2514714300632477,
          0.20605413615703583,
          0.3098965287208557,
          0.23257793486118317
        ],
        [
          0.2519070506095886,
          0.2081892192363739,
          0.30932778120040894,
          0.23057600855827332
        ]
      ],
      [
        [
          0.22967997193336487,
          0.21534983813762665,
          0.31609588861465454,
          0.23887427151203156
        ],
        [
          0.23046952486038208,
          0.21496042609214783,
          0.3159613013267517,
          0.2386087328195572
        ],
        [
          0.2356031835079193,
          0.21797534823417664,
          0.3071210980415344,
          0.23930040001869202
        ],
        [
          0.23128792643547058,
          0.2133413404226303,
          0.31874120235443115,
          0.23662950098514557
        ]
      ]
    ],
    [
      [
        [
          0.2676084637641907,
          0.18389835953712463,
          0.2880902886390686,
          0.26040294766426086
        ],
        [
          0.2660504877567291,
          0.1832076460123062,
          0.28957271575927734,
          0.26116910576820374
        ],
        [
          0.2717483937740326,
          0.1793259233236313,
          0.2802221477031708,
          0.26870355010032654
        ],
        [
          0.26701706647872925,
          0.1814848780632019,
          0.28552737832069397,
          0.26597073674201965
        ]
      ]
    ]
  ],
  "gtn_only_test_macro_f1": 0.9170599213823131,
  "gtn_only_test_accuracy": 0.925391435623169,
  "gtn_only_val_macro_f1": 0.9209696496581743,
  "node_features": "off",
  "fusion_beta": [
    0.5436570048332214,
    0.09813182055950165,
    0.3477202355861664,
    0.010490992106497288
  ],
  "topo_dim": 75,
  "val_macro_f1": 0.9005887532823363,
  "test_macro_f1": 0.9083544364702113,
  "test_accuracy": 0.9143383502960205
}