{
  "dataset": "dblp_pyg",
  "use_topology": true,
  "seed": 1,
  "topology_source": "random",
  "num_nodes": 4057,
  "num_classes": 4,
  "random_metapath": true,
  "node_features": "on",
  "fusion_beta": [
    0.058894164860248566,
    0.20251275599002838,
    0.6607410311698914,
    0.07785205543041229
  ],
  "topo_dim": 75,
  "val_macro_f1": 0.9389427268232812,
  "test_macro_f1": 0.933403149242626,
  "test_accuracy": 0.9385938048362732
}