{
  "dataset": "dblp_pyg",
  "use_topology": true,
  "seed": 2,
  "topology_source": "gtn",
  "num_nodes": 4057,
  "num_classes": 4,
  "gtn_attentions": [
    [
      [
        [
          0.26707035303115845,
          0.1951204240322113,
          0.3093768358230591,
          0.22843234241008759
        ],
        [
          0.2655484080314636,
          0.19469477236270905,
          0.3124229311943054,
          0.22733384370803833
        ]
      ],
      [
        [
          0.23222443461418152,
          0.20804555714130402,
          0.3196808993816376,
          0.24004912376403809
        ],
        [
          0.23109716176986694,
          0.21131068468093872,
          0.31820163130760193,
          0.23939047753810883
        ]
      ]
    ],
    [
      [
        [
          0.2665272653102875,
          0.17855878174304962,
          0.290928453207016,
          0.2639854848384857
        ],
        [
          0.2682135999202728,
          0.17524804174900055,
          0.28589147329330444,
          0.270646870136261
        ]
      ]
    ]
  ],
  "gtn_only_test_macro_f1": 0.9153569009678478,
  "gtn_only_test_accuracy": 0.9247773885726929,
  "gtn_only_val_macro_f1": 0.9180230749982363,
  "node_features": "on",
  "fusion_beta": [
    0.10054821521043777,
    0.899451732635498
  ],
  "topo_dim": 75,
  "val_macro_f1": 0.9312865012846685,
  "test_macro_f1": 0.9270378118643489,
  "test_accuracy": 0.9324531555175781
}