{
  "dataset": "dblp_pyg",
  "use_topology": false,
  "seed": 2,
  "topology_source": null,
  "num_nodes": 4057,
  "num_classes": 4,
  "node_features": "on",
  "val_macro_f1": 0.9312803854295935,
  "test_macro_f1": 0.9276362095628143,
  "test_accuracy": 0.933681309223175
}