{
  "dataset": "dblp_pyg",
  "use_topology": true,
  "seed": 0,
  "topology_source": "gtn",
  "num_nodes": 4057,
  "num_classes": 4,
  "gtn_attentions": [
    [
      [
        [
          0.2620684802532196,
          0.19763442873954773,
          0.3161361813545227,
          0.22416092455387115
        ],
        [
          0.2632976472377777,
          0.20141282677650452,
          0.30968332290649414,
          0.22560621798038483
        ]
      ],
      [
        [
          0.233950674533844,
          0.21055689454078674,
          0.3217882215976715,
          0.23370423913002014
        ],
        [
          0.23320233821868896,
          0.211028054356575,
          0.32096293568611145,
          0.23480668663978577
        ]
      ]
    ],
    [
      [
        [
          0.2683565616607666,
          0.1788620501756668,
          0.29024848341941833,
          0.26253291964530945
        ],
        [
          0.26708030700683594,
          0.1806396245956421,
          0.2868565022945404,
          0.26542356610298157
        ]
      ]
    ]
  ],
  "gtn_only_test_macro_f1": 0.9150930226959194,
  "gtn_only_test_accuracy": 0.9244703650474548,
  "gtn_only_val_macro_f1": 0.9169008488654588,
  "node_features": "on",
  "fusion_beta": [
    0.8539117574691772,
    0.14608822762966156
  ],
  "topo_dim": 75,
  "val_macro_f1": 0.9338710895678248,
  "test_macro_f1": 0.9324767270110117,
  "test_accuracy": 0.9382867217063904
}