{
  "dataset": "dblp_pyg",
  "use_topology": true,
  "seed": 1,
  "topology_source": "gtn",
  "num_nodes": 4057,
  "num_classes": 4,
  "gtn_attentions": [
    [
      [
        [
          0.25649571418762207,
          0.20287667214870453,
          0.2938825190067291,
          0.2467450648546219
        ],
        [
          0.2574045956134796,
          0.20201550424098969,
          0.29405203461647034,
          0.24652782082557678
        ],
        [
          0.2575318217277527,
          0.20203348994255066,
          0.2929215133190155,
          0.24751314520835876
        ],
        [
          0.2595129609107971,
          0.20167133212089539,
          0.2929880619049072,
          0.24582763016223907
        ]
      ],
      [
        [
          0.2611481845378876,
          0.19675366580486298,
          0.2990899980068207,
          0.24300821125507355
        ],
        [
          0.2608979344367981,
          0.19768111407756805,
          0.2967841625213623,
          0.24463674426078796
        ],
        [
          0.2622291147708893,
          0.19710901379585266,
          0.2956330478191376,
          0.24502886831760406
        ],
        [
          0.2604818344116211,
          0.1983480602502823,
          0.2961735129356384,
          0.24499663710594177
        ]
      ]
    ]
  ],
  "gtn_only_test_macro_f1": 0.9161897185401192,
  "gtn_only_test_accuracy": 0.926005482673645,
  "gtn_only_val_macro_f1": 0.925390533327631,
  "node_features": "on",
  "fusion_beta": [
    0.019884828478097916,
    0.04465978592634201,
    0.47471821308135986,
    0.4607371687889099
  ],
  "topo_dim": 75,
  "val_macro_f1": 0.929198757106168,
  "test_macro_f1": 0.9287830954251661,
  "test_accuracy": 0.9342953562736511
}