{
  "dataset": "dblp_pyg",
  "use_topology": true,
  "seed": 0,
  "topology_source": "manual",
  "num_nodes": 4057,
  "num_classes": 4,
  "manual_metapaths": [
    "APA",
    "APCPA"
  ],
  "node_features": "on",
  "fusion_beta": [
    0.3336696922779083,
    0.6663302779197693
  ],
  "topo_dim": 75,
  "val_macro_f1": 0.9288297141586561,
  "test_macro_f1": 0.9307113236781952,
  "test_accuracy": 0.9361375570297241
}