{
  "dataset": "dblp_pyg",
  "use_topology": false,
  "seed": 0,
  "topology_source": null,
  "num_nodes": 4057,
  "num_classes": 4,
  "node_features": "on",
  "val_macro_f1": 0.9369248551644327,
  "test_macro_f1": 0.9341397355660102,
  "test_accuracy": 0.9392078518867493
}