{
  "dataset": "dblp",
  "use_topology": true,
  "seed": 2,
  "topology_source": "random",
  "num_nodes": 4057,
  "num_classes": 4,
  "random_metapath": true,
  "node_features": "on",
  "fusion_beta": [
    0.37667301297187805,
    0.02349778823554516,
    0.437480628490448,
    0.16234852373600006
  ],
  "topo_dim": 75,
  "val_macro_f1": 0.8299622911490863,
  "test_macro_f1": 0.8428540405847609,
  "test_accuracy": 0.8485915064811707
}