{
  "dataset": "dblp",
  "use_topology": false,
  "seed": 2,
  "topology_source": null,
  "num_nodes": 4057,
  "num_classes": 4,
  "node_features": "on",
  "val_macro_f1": 0.7818853886467008,
  "test_macro_f1": 0.8036215006151637,
  "test_accuracy": 0.810563325881958
}