{
  "dataset": "dblp",
  "use_topology": true,
  "seed": 2,
  "topology_source": "manual",
  "num_nodes": 4057,
  "num_classes": 4,
  "manual_metapaths": [
    "APA",
    "APTPA"
  ],
  "node_features": "on",
  "fusion_beta": [
    0.7156240344047546,
    0.284375935792923
  ],
  "topo_dim": 75,
  "val_macro_f1": 0.7938752675304845,
  "test_macro_f1": 0.801545117185665,
  "test_accuracy": 0.8102112412452698
}