{
  "dataset": "dblp_pyg",
  "use_topology": true,
  "seed": 1,
  "topology_source": "gtn",
  "num_nodes": 4057,
  "num_classes": 4,
  "gtn_attentions": [
    [
      [
        [
          0.26220911741256714,
          0.19773122668266296,
          0.3109687566757202,
          0.2290908694267273
        ],
        [
          0.26578688621520996,
          0.19645965099334717,
          0.3118414878845215,
          0.22591200470924377
        ]
      ],
      [
        [
          0.23009490966796875,
          0.20746804773807526,
          0.323967307806015,
          0.23846974968910217
        ],
        [
          0.22906576097011566,
          0.2106865495443344,
          0.3208999037742615,
          0.23934780061244965
        ]
      ]
    ],
    [
      [
        [
          0.26801109313964844,
          0.17408674955368042,
          0.2841305136680603,
          0.27377158403396606
        ],
        [
          0.2711394429206848,
          0.17317959666252136,
          0.2814415991306305,
          0.27423936128616333
        ]
      ]
    ]
  ],
  "gtn_only_test_macro_f1": 0.9145147249042025,
  "gtn_only_test_accuracy": 0.9250844120979309,
  "gtn_only_val_macro_f1": 0.9115450299589347,
  "node_features": "on",
  "fusion_beta": [
    0.8340052366256714,
    0.16599474847316742
  ],
  "topo_dim": 75,
  "val_macro_f1": 0.9316192159328838,
  "test_macro_f1": 0.9172114618737082,
  "test_accuracy": 0.9229351878166199
}