{
  "dataset": "dblp_pyg",
  "use_topology": true,
  "seed": 0,
  "topology_source": "random",
  "num_nodes": 4057,
  "num_classes": 4,
  "random_metapath": true,
  "node_features": "on",
  "fusion_beta": [
    0.11412602663040161,
    0.10360952466726303,
    0.17879849672317505,
    0.6034659743309021
  ],
  "topo_dim": 75,
  "val_macro_f1": 0.9414950166112956,
  "test_macro_f1": 0.9265235380767669,
  "test_accuracy": 0.931532084941864
}