{
  "dataset": "dblp",
  "use_topology": true,
  "seed": 0,
  "topology_source": "random",
  "num_nodes": 4057,
  "num_classes": 4,
  "random_metapath": true,
  "node_features": "on",
  "fusion_beta": [
    0.264473021030426,
    0.2596893608570099,
    0.14983540773391724,
    0.32600221037864685
  ],
  "topo_dim": 75,
  "val_macro_f1": 0.8065061574347379,
  "test_macro_f1": 0.8202408912992727,
  "test_accuracy": 0.8288732171058655
}