{
  "dataset": "dblp",
  "use_topology": true,
  "seed": 2,
  "topology_source": "gtn",
  "num_nodes": 4057,
  "num_classes": 4,
  "gtn_attentions": [
    [
      [
        [
          0.26846975088119507,
          0.20109429955482483,
          0.30438899993896484,
          0.22604691982269287
        ],
        [
          0.26821354031562805,
          0.2008143812417984,
          0.30439648032188416,
          0.2265755981206894
        ]
      ],
      [
        [
          0.23019254207611084,
          0.21646742522716522,
          0.3152489960193634,
          0.23809099197387695
        ],
        [
          0.23371556401252747,
          0.21869079768657684,
          0.3097499907016754,
          0.23784369230270386
        ]
      ]
    ],
    [
      [
        [
          0.2613959312438965,
          0.19868290424346924,
          0.30198782682418823,
          0.23793336749076843
        ],
        [
          0.2678506374359131,
          0.19543661177158356,
          0.3009733557701111,
          0.23573936522006989
        ]
      ]
    ]
  ],
  "gtn_only_test_macro_f1": 0.9165719903212977,
  "gtn_only_test_accuracy": 0.9242957234382629,
  "gtn_only_val_macro_f1": 0.9317732223640864,
  "node_features": "on",
  "fusion_beta": [
    0.7432843446731567,
    0.25671571493148804
  ],
  "topo_dim": 75,
  "val_macro_f1": 0.8219208030509334,
  "test_macro_f1": 0.8691523061187876,
  "test_accuracy": 0.8760563135147095
}