{
  "dataset": "dblp_pyg",
  "use_topology": true,
  "seed": 0,
  "topology_source": "gtn",
  "num_nodes": 4057,
  "num_classes": 4,
  "gtn_attentions": [
    [
      [
        [
          0.25608596205711365,
          0.20391911268234253,
          0.2993924617767334,
          0.24060238897800446
        ],
        [
          0.25379154086112976,
          0.204475998878479,
          0.2998921573162079,
          0.24184031784534454
        ],
        [
          0.25555524230003357,
          0.20435822010040283,
          0.29977622628211975,
          0.24031032621860504
        ],
        [
          0.2547714412212372,
          0.20629048347473145,
          0.2983270287513733,
          0.24061107635498047
        ]
      ],
      [
        [
          0.2729116976261139,
          0.19158399105072021,
          0.302264004945755,
          0.23324033617973328
        ],
        [
          0.2719256579875946,
          0.1940365433692932,
          0.30026865005493164,
          0.23376916348934174
        ],
        [
          0.27406585216522217,
          0.19216980040073395,
          0.3006645143032074,
          0.2330998182296753
        ],
        [
          0.2729205787181854,
          0.19405537843704224,
          0.29969656467437744,
          0.2333274483680725
        ]
      ]
    ]
  ],
  "gtn_only_test_macro_f1": 0.9239922161531715,
  "gtn_only_test_accuracy": 0.931839108467102,
  "gtn_only_val_macro_f1": 0.9303438384616151,
  "node_features": "on",
  "fusion_beta": [
    0.06832695007324219,
    0.40615954995155334,
    0.3993191123008728,
    0.12619437277317047
  ],
  "topo_dim": 75,
  "val_macro_f1": 0.9318991924544978,
  "test_macro_f1": 0.9354733386042013,
  "test_accuracy": 0.9407429695129395
}