{
  "dataset": "freebase",
  "use_topology": true,
  "seed": 0,
  "topology_source": "random",
  "num_nodes": 6000,
  "num_classes": 7,
  "random_metapath": true,
  "node_features": "on",
  "fusion_beta": [
    0.5758739709854126,
    0.07224719226360321,
    0.13596470654010773,
    0.21591411530971527
  ],
  "topo_dim": 75,
  "val_macro_f1": 0.38888888888888884,
  "test_macro_f1": 0.12714141268236312,
  "test_accuracy": 0.5906040072441101
}