{
  "dataset": "freebase",
  "use_topology": true,
  "seed": 2,
  "topology_source": "gtn",
  "num_nodes": 6000,
  "num_classes": 7,
  "gtn_attentions": [
    [
      [
        [
          NaN,
          NaN,
          NaN,
          NaN
        ],
        [
          NaN,
          NaN,
          NaN,
          NaN
        ],
        [
          NaN,
          NaN,
          NaN,
          NaN
        ],
        [
          NaN,
          NaN,
          NaN,
          NaN
        ]
      ],
      [
        [
          NaN,
          NaN,
          NaN,
          NaN
        ],
        [
          NaN,
          NaN,
          NaN,
          NaN
        ],
        [
          NaN,
          NaN,
          NaN,
          NaN
        ],
        [
          NaN,
          NaN,
          NaN,
          NaN
        ]
      ]
    ],
    [
      [
        [
          0.2500000298023224,
          0.2499999850988388,
          0.2499999850988388,
          0.2500000298023224
        ],
        [
          0.25,
          0.25,
          0.2499999701976776,
          0.25
        ],
        [
          0.25,
          0.25,
          0.2499999701976776,
          0.25
        ],
        [
          0.25,
          0.25,
          0.25,
          0.25
        ]
      ]
    ]
  ],
  "gtn_only_test_macro_f1": 0.0017636684303350971,
  "gtn_only_test_accuracy": 0.006211180239915848,
  "gtn_only_val_macro_f1": 0.0,
  "node_features": "off",
  "fusion_beta": [
    0.25,
    0.25,
    0.25,
    0.25
  ],
  "topo_dim": 75,
  "val_macro_f1": 0.23863636363636362,
  "test_macro_f1": 0.13099072300630235,
  "test_accuracy": 0.6444099545478821
}