{
  "dataset": "freebase",
  "use_topology": true,
  "seed": 0,
  "topology_source": "gtn",
  "num_nodes": 6000,
  "num_classes": 7,
  "gtn_attentions": [
    [
      [
        [
          0.24934552609920502,
          0.251348078250885,
          0.24968214333057404,
          0.24962426722049713
        ],
        [
          0.24948255717754364,
          0.2509540915489197,
          0.24980132281780243,
          0.24976205825805664
        ],
        [
          0.24947258830070496,
          0.2509751617908478,
          0.24981260299682617,
          0.2497396171092987
        ],
        [
          0.24959711730480194,
          0.2507069706916809,
          0.24984362721443176,
          0.24985229969024658
        ]
      ],
      [
        [
          0.25001290440559387,
          0.24986696243286133,
          0.25008705258369446,
          0.25003305077552795
        ],
        [
          0.24997656047344208,
          0.24989542365074158,
          0.25008103251457214,
          0.2500470280647278
        ],
        [
          0.2500234842300415,
          0.24988126754760742,
          0.25006166100502014,
          0.25003355741500854
        ],
        [
          0.24996410310268402,
          0.24991700053215027,
          0.2500689625740051,
          0.2500499188899994
        ]
      ]
    ]
  ],
  "gtn_only_test_macro_f1": 0.10703043022035677,
  "gtn_only_test_accuracy": 0.5989933013916016,
  "gtn_only_val_macro_f1": 0.2702702702702703,
  "node_features": "on",
  "fusion_beta": [
    0.021677957847714424,
    0.731899082660675,
    0.014826991595327854,
    0.2315959483385086
  ],
  "topo_dim": 75,
  "val_macro_f1": 0.3594202898550725,
  "test_macro_f1": 0.1414362326793435,
  "test_accuracy": 0.5805369019508362
}