{
  "dataset": "freebase",
  "use_topology": true,
  "seed": 1,
  "topology_source": "gtn",
  "num_nodes": 6000,
  "num_classes": 7,
  "gtn_attentions": [
    [
      [
        [
          0.24705609679222107,
          0.25326651334762573,
          0.25159865617752075,
          0.24807873368263245
        ],
        [
          0.24682196974754333,
          0.253322035074234,
          0.25196415185928345,
          0.2478918582201004
        ],
        [
          0.24689055979251862,
          0.2534206807613373,
          0.2517363727092743,
          0.24795234203338623
        ],
        [
          0.24676154553890228,
          0.25354763865470886,
          0.2518683969974518,
          0.24782241880893707
        ]
      ],
      [
        [
          0.24763350188732147,
          0.25146397948265076,
          0.2518903613090515,
          0.24901211261749268
        ],
        [
          0.24750131368637085,
          0.25158941745758057,
          0.25201401114463806,
          0.24889525771141052
        ],
        [
          0.24758665263652802,
          0.2515208125114441,
          0.2519107460975647,
          0.2489817887544632
        ],
        [
          0.24754716455936432,
          0.2514351010322571,
          0.25212523341178894,
          0.24889253079891205
        ]
      ]
    ]
  ],
  "gtn_only_test_macro_f1": 0.10231837504564777,
  "gtn_only_test_accuracy": 0.539170503616333,
  "gtn_only_val_macro_f1": 0.20588235294117646,
  "node_features": "on",
  "fusion_beta": [
    0.18051539361476898,
    0.12047207355499268,
    0.4962310492992401,
    0.20278148353099823
  ],
  "topo_dim": 75,
  "val_macro_f1": 0.3185483870967742,
  "test_macro_f1": 0.14233500417710945,
  "test_accuracy": 0.5506912469863892
}