{
  "dataset": "freebase",
  "use_topology": true,
  "seed": 1,
  "topology_source": "random",
  "num_nodes": 6000,
  "num_classes": 7,
  "random_metapath": true,
  "node_features": "on",
  "fusion_beta": [
    0.11379984021186829,
    0.1625181883573532,
    0.24685995280742645,
    0.47682204842567444
  ],
  "topo_dim": 75,
  "val_macro_f1": 0.3697916666666667,
  "test_macro_f1": 0.12425030772634202,
  "test_accuracy": 0.5276497602462769
}