{
  "dataset": "freebase",
  "use_topology": false,
  "seed": 0,
  "topology_source": null,
  "num_nodes": 6000,
  "num_classes": 7,
  "node_features": "on",
  "val_macro_f1": 0.3333333333333333,
  "test_macro_f1": 0.12582275750744482,
  "test_accuracy": 0.6073825359344482
}