{
  "dataset": "freebase",
  "use_topology": true,
  "seed": 0,
  "topology_source": "manual",
  "num_nodes": 6000,
  "num_classes": 7,
  "manual_metapaths": [
    "BB",
    "BFB"
  ],
  "node_features": "on",
  "fusion_beta": [
    0.41012564301490784,
    0.5898743867874146
  ],
  "topo_dim": 75,
  "val_macro_f1": 0.3333333333333333,
  "test_macro_f1": 0.1319841017470244,
  "test_accuracy": 0.5838926434516907
}