{
  "dataset": "freebase",
  "use_topology": true,
  "seed": 2,
  "topology_source": "manual",
  "num_nodes": 6000,
  "num_classes": 7,
  "manual_metapaths": [
    "BB",
    "BFB"
  ],
  "node_features": "on",
  "fusion_beta": [
    0.7003856301307678,
    0.29961439967155457
  ],
  "topo_dim": 75,
  "val_macro_f1": 0.31026785714285715,
  "test_macro_f1": 0.15016637980493405,
  "test_accuracy": 0.6521739363670349
}