{
  "dataset": "freebase",
  "use_topology": false,
  "seed": 2,
  "topology_source": null,
  "num_nodes": 6000,
  "num_classes": 7,
  "node_features": "on",
  "val_macro_f1": 0.31026785714285715,
  "test_macro_f1": 0.14679036624835748,
  "test_accuracy": 0.6506211161613464
}