{
  "dataset": "freebase",
  "use_topology": true,
  "seed": 1,
  "topology_source": "manual",
  "num_nodes": 6000,
  "num_classes": 7,
  "manual_metapaths": [
    "BB",
    "BFB"
  ],
  "node_features": "on",
  "fusion_beta": [
    0.3601852059364319,
    0.6398147940635681
  ],
  "topo_dim": 75,
  "val_macro_f1": 0.4621212121212121,
  "test_macro_f1": 0.12844611528822056,
  "test_accuracy": 0.5414746403694153
}