{
  "dataset": "freebase",
  "use_topology": false,
  "seed": 1,
  "topology_source": null,
  "num_nodes": 6000,
  "num_classes": 7,
  "node_features": "on",
  "val_macro_f1": 0.33467741935483875,
  "test_macro_f1": 0.1482818898800975,
  "test_accuracy": 0.5737327337265015
}