{
  "dataset": "freebase",
  "use_topology": true,
  "seed": 2,
  "topology_source": "random",
  "num_nodes": 6000,
  "num_classes": 7,
  "random_metapath": true,
  "node_features": "on",
  "fusion_beta": [
    0.033749353140592575,
    0.01743185520172119,
    0.02615862898528576,
    0.922660231590271
  ],
  "topo_dim": 75,
  "val_macro_f1": 0.3266129032258065,
  "test_macro_f1": 0.14958068247541934,
  "test_accuracy": 0.6459627151489258
}