{
  "dataset": "freebase",
  "use_topology": true,
  "seed": 2,
  "topology_source": "gtn",
  "num_nodes": 6000,
  "num_classes": 7,
  "gtn_attentions": [
    [
      [
        [
          0.24998708069324493,
          0.24999606609344482,
          0.2500131130218506,
          0.25000378489494324
        ],
        [
          0.24998541176319122,
          0.2500007152557373,
          0.25000736117362976,
          0.2500064969062805
        ],
        [
          0.24998481571674347,
          0.25000065565109253,
          0.25001004338264465,
          0.25000452995300293
        ],
        [
          0.2499917596578598,
          0.25000378489494324,
          0.25000932812690735,
          0.2499951720237732
        ]
      ],
      [
        [
          0.24999015033245087,
          0.24999675154685974,
          0.2500068247318268,
          0.2500062584877014
        ],
        [
          0.24998559057712555,
          0.2500004768371582,
          0.2500103712081909,
          0.2500036358833313
        ],
        [
          0.24998773634433746,
          0.24999651312828064,
          0.2500104010105133,
          0.2500053644180298
        ],
        [
          0.25000622868537903,
          0.24999694526195526,
          0.2500002086162567,
          0.2499966323375702
        ]
      ]
    ]
  ],
  "gtn_only_test_macro_f1": 0.11534391534391535,
  "gtn_only_test_accuracy": 0.6770186424255371,
  "gtn_only_val_macro_f1": 0.20289855072463767,
  "node_features": "on",
  "fusion_beta": [
    0.9254212975502014,
    0.05501217767596245,
    0.001043187570758164,
    0.018523408100008965
  ],
  "topo_dim": 75,
  "val_macro_f1": 0.2878787878787879,
  "test_macro_f1": 0.13076371488192595,
  "test_accuracy": 0.6599379181861877
}