{
  "dataset": "imdb",
  "use_topology": false,
  "seed": 2,
  "topology_source": null,
  "num_nodes": 4932,
  "num_classes": 5,
  "node_features": "on",
  "val_macro_f1": 0.4663281611160312,
  "test_macro_f1": 0.43911492650832396,
  "test_accuracy": 0.7444097399711609
}