{
  "dataset": "imdb",
  "use_topology": true,
  "seed": 0,
  "topology_source": "random",
  "num_nodes": 4932,
  "num_classes": 5,
  "random_metapath": true,
  "node_features": "on",
  "fusion_beta": [
    0.19940848648548126,
    0.3992570638656616,
    0.3314724564552307,
    0.06986207515001297
  ],
  "topo_dim": 75,
  "val_macro_f1": 0.44512511165002355,
  "test_macro_f1": 0.4134282081969761,
  "test_accuracy": 0.7332292199134827
}