{
  "dataset": "imdb_pyg",
  "use_topology": true,
  "seed": 1,
  "topology_source": "random",
  "num_nodes": 4278,
  "num_classes": 3,
  "random_metapath": true,
  "node_features": "on",
  "fusion_beta": [
    0.30132248997688293,
    0.21592259407043457,
    0.222118079662323,
    0.2606368064880371
  ],
  "topo_dim": 75,
  "val_macro_f1": 0.5425277555772737,
  "test_macro_f1": 0.5187935780085478,
  "test_accuracy": 0.527889609336853
}