{
  "dataset": "imdb",
  "use_topology": true,
  "seed": 0,
  "topology_source": "gtn",
  "num_nodes": 4932,
  "num_classes": 5,
  "gtn_attentions": [
    [
      [
        [
          0.24354039132595062,
          0.21352443099021912,
          0.2846669554710388,
          0.25826823711395264
        ],
        [
          0.24376259744167328,
          0.21298900246620178,
          0.28482744097709656,
          0.2584209740161896
        ],
        [
          0.24399136006832123,
          0.2131451815366745,
          0.2845209836959839,
          0.2583425045013428
        ],
        [
          0.2442322075366974,
          0.21269387006759644,
          0.28455862402915955,
          0.25851529836654663
        ]
      ],
      [
        [
          0.26476922631263733,
          0.20376139879226685,
          0.27200043201446533,
          0.2594689428806305
        ],
        [
          0.264814555644989,
          0.2033815085887909,
          0.2721506357192993,
          0.25965335965156555
        ],
        [
          0.26522189378738403,
          0.20314669609069824,
          0.27238717675209045,
          0.25924423336982727
        ],
        [
          0.26476913690567017,
          0.20300166308879852,
          0.27271756529808044,
          0.25951164960861206
        ]
      ]
    ]
  ],
  "gtn_only_test_macro_f1": 0.4622823106857604,
  "gtn_only_test_accuracy": 0.7123672366142273,
  "gtn_only_val_macro_f1": 0.4777760965031829,
  "node_features": "on",
  "fusion_beta": [
    0.250013530254364,
    0.25000977516174316,
    0.2499975711107254,
    0.24997910857200623
  ],
  "topo_dim": 75,
  "val_macro_f1": 0.4248814893396937,
  "test_macro_f1": 0.3965815813448611,
  "test_accuracy": 0.7337913513183594
}