{
  "dataset": "imdb_pyg",
  "use_topology": true,
  "seed": 0,
  "topology_source": "random",
  "num_nodes": 4278,
  "num_classes": 3,
  "random_metapath": true,
  "node_features": "on",
  "fusion_beta": [
    0.06260852515697479,
    0.2963789701461792,
    0.16921691596508026,
    0.47179555892944336
  ],
  "topo_dim": 75,
  "val_macro_f1": 0.5346465212422801,
  "test_macro_f1": 0.5153137863505729,
  "test_accuracy": 0.5264520049095154
}