{
  "dataset": "imdb",
  "use_topology": true,
  "seed": 0,
  "topology_source": "manual",
  "num_nodes": 4932,
  "num_classes": 5,
  "manual_metapaths": [
    "MDM",
    "MAM"
  ],
  "node_features": "on",
  "fusion_beta": [
    0.49929025769233704,
    0.5007097125053406
  ],
  "topo_dim": 75,
  "val_macro_f1": 0.4768675635874776,
  "test_macro_f1": 0.44378636994118326,
  "test_accuracy": 0.7432854175567627
}