{
  "dataset": "imdb",
  "use_topology": true,
  "seed": 1,
  "topology_source": "gtn",
  "num_nodes": 4932,
  "num_classes": 5,
  "gtn_attentions": [
    [
      [
        [
          0.2435937076807022,
          0.21798697113990784,
          0.2819942533969879,
          0.2564251124858856
        ],
        [
          0.24297858774662018,
          0.21784654259681702,
          0.28199705481529236,
          0.25717785954475403
        ],
        [
          0.24405087530612946,
          0.22164295613765717,
          0.2783971428871155,
          0.2559090256690979
        ],
        [
          0.24407854676246643,
          0.2157030701637268,
          0.28277790546417236,
          0.2574404180049896
        ]
      ],
      [
        [
          0.2662695050239563,
          0.20482613146305084,
          0.271950900554657,
          0.2569534480571747
        ],
        [
          0.26670509576797485,
          0.20553183555603027,
          0.2697077691555023,
          0.25805526971817017
        ],
        [
          0.2668517529964447,
          0.20650900900363922,
          0.2692374587059021,
          0.2574017643928528
        ],
        [
          0.2670328915119171,
          0.20498253405094147,
          0.2699854373931885,
          0.25799909234046936
        ]
      ]
    ]
  ],
  "gtn_only_test_macro_f1": 0.5010928429025487,
  "gtn_only_test_accuracy": 0.7128044962882996,
  "gtn_only_val_macro_f1": 0.5107239122732317,
  "node_features": "on",
  "fusion_beta": [
    0.25543323159217834,
    0.24028733372688293,
    0.25279468297958374,
    0.25148481130599976
  ],
  "topo_dim": 75,
  "val_macro_f1": 0.4394974965963868,
  "test_macro_f1": 0.42158295667052564,
  "test_accuracy": 0.7359150052070618
}