{
  "dataset": "imdb_pyg",
  "use_topology": true,
  "seed": 1,
  "topology_source": "gtn",
  "num_nodes": 4278,
  "num_classes": 3,
  "gtn_attentions": [
    [
      [
        [
          NaN,
          NaN,
          NaN
        ],
        [
          NaN,
          NaN,
          NaN
        ],
        [
          NaN,
          NaN,
          NaN
        ],
        [
          NaN,
          NaN,
          NaN
        ]
      ],
      [
        [
          NaN,
          NaN,
          NaN
        ],
        [
          NaN,
          NaN,
          NaN
        ],
        [
          NaN,
          NaN,
          NaN
        ],
        [
          NaN,
          NaN,
          NaN
        ]
      ]
    ],
    [
      [
        [
          NaN,
          NaN,
          NaN
        ],
        [
          NaN,
          NaN,
          NaN
        ],
        [
          NaN,
          NaN,
          NaN
        ],
        [
          NaN,
          NaN,
          NaN
        ]
      ]
    ],
    [
      [
        [
          0.3333333432674408,
          0.3333333432674408,
          0.3333333432674408
        ],
        [
          0.33333325386047363,
          0.33333346247673035,
          0.3333333134651184
        ],
        [
          0.3333333730697632,
          0.3333333730697632,
          0.333333283662796
        ],
        [
          0.33333325386047363,
          0.33333343267440796,
          0.33333325386047363
        ]
      ]
    ]
  ],
  "gtn_only_test_macro_f1": 0.1431474373447731,
  "gtn_only_test_accuracy": 0.27343302965164185,
  "gtn_only_val_macro_f1": 0.11570247933884298,
  "node_features": "on",
  "fusion_beta": [
    0.25,
    0.25,
    0.25,
    0.25
  ],
  "topo_dim": 75,
  "val_macro_f1": 0.567719298245614,
  "test_macro_f1": 0.5178204575647455,
  "test_accuracy": 0.5301897525787354
}