{
  "dataset": "imdb",
  "use_topology": true,
  "seed": 0,
  "topology_source": "gtn",
  "num_nodes": 4932,
  "num_classes": 5,
  "gtn_attentions": [
    [
      [
        [
          NaN,
          NaN,
          NaN,
          NaN
        ],
        [
          NaN,
          NaN,
          NaN,
          NaN
        ],
        [
          NaN,
          NaN,
          NaN,
          NaN
        ],
        [
          NaN,
          NaN,
          NaN,
          NaN
        ]
      ],
      [
        [
          NaN,
          NaN,
          NaN,
          NaN
        ],
        [
          NaN,
          NaN,
          NaN,
          NaN
        ],
        [
          NaN,
          NaN,
          NaN,
          NaN
        ],
        [
          NaN,
          NaN,
          NaN,
          NaN
        ]
      ]
    ],
    [
      [
        [
          0.25,
          0.25,
          0.25,
          0.25
        ],
        [
          0.25,
          0.25,
          0.25,
          0.25
        ],
        [
          0.2499999850988388,
          0.2500000298023224,
          0.2500000298023224,
          0.2499999850988388
        ],
        [
          0.25,
          0.25,
          0.25,
          0.25
        ]
      ]
    ]
  ],
  "gtn_only_test_macro_f1": 0.0,
  "gtn_only_test_accuracy": 0.6541536450386047,
  "gtn_only_val_macro_f1": 0.0,
  "node_features": "on",
  "fusion_beta": [
    0.25,
    0.25,
    0.25,
    0.25
  ],
  "topo_dim": 75,
  "val_macro_f1": 0.4829377588466772,
  "test_macro_f1": 0.43897783819388747,
  "test_accuracy": 0.7425983548164368
}