{
  "dataset": "imdb",
  "use_topology": true,
  "seed": 2,
  "topology_source": "gtn",
  "num_nodes": 4932,
  "num_classes": 5,
  "gtn_attentions": [
    [
      [
        [
          0.24634787440299988,
          0.20602287352085114,
          0.27826645970344543,
          0.26936277747154236
        ],
        [
          0.24606338143348694,
          0.20313934981822968,
          0.281348317861557,
          0.2694489657878876
        ],
        [
          0.24505147337913513,
          0.20281657576560974,
          0.2823371887207031,
          0.269794762134552
        ],
        [
          0.24570350348949432,
          0.20626240968704224,
          0.2785103917121887,
          0.26952365040779114
        ]
      ],
      [
        [
          0.2799626886844635,
          0.19471420347690582,
          0.2555345892906189,
          0.269788533449173
        ],
        [
          0.2778208255767822,
          0.19507281482219696,
          0.25742703676223755,
          0.2696792781352997
        ],
        [
          0.27817487716674805,
          0.19466841220855713,
          0.2581045627593994,
          0.2690521478652954
        ],
        [
          0.28004342317581177,
          0.19530701637268066,
          0.2554008364677429,
          0.26924872398376465
        ]
      ]
    ]
  ],
  "gtn_only_test_macro_f1": 0.4823741437713573,
  "gtn_only_test_accuracy": 0.7184883952140808,
  "gtn_only_val_macro_f1": 0.4768193402270481,
  "node_features": "on",
  "fusion_beta": [
    0.1712709218263626,
    0.4650110602378845,
    0.1445515751838684,
    0.21916645765304565
  ],
  "topo_dim": 75,
  "val_macro_f1": 0.448575733118106,
  "test_macro_f1": 0.43331894176574004,
  "test_accuracy": 0.7399125099182129
}