{
  "dataset": "imdb_pyg",
  "use_topology": true,
  "seed": 0,
  "topology_source": "gtn",
  "num_nodes": 4278,
  "num_classes": 3,
  "gtn_attentions": [
    [
      [
        [
          0.34960994124412537,
          0.3001280426979065,
          0.35026201605796814
        ],
        [
          0.3502834737300873,
          0.29948100447654724,
          0.35023555159568787
        ],
        [
          0.34987372159957886,
          0.29986780881881714,
          0.3502584993839264
        ],
        [
          0.3497660756111145,
          0.2997635006904602,
          0.3504704535007477
        ]
      ],
      [
        [
          0.3458346724510193,
          0.3019229769706726,
          0.3522424101829529
        ],
        [
          0.3482372760772705,
          0.3003532588481903,
          0.3514094352722168
        ],
        [
          0.3481578230857849,
          0.30064693093299866,
          0.3511953353881836
        ],
        [
          0.3478642702102661,
          0.30057045817375183,
          0.35156527161598206
        ]
      ]
    ]
  ],
  "gtn_only_test_macro_f1": 0.5059743721422539,
  "gtn_only_test_accuracy": 0.5379528403282166,
  "gtn_only_val_macro_f1": 0.543622694291459,
  "node_features": "on",
  "fusion_beta": [
    0.24706679582595825,
    0.2979751527309418,
    0.22027137875556946,
    0.2346867173910141
  ],
  "topo_dim": 75,
  "val_macro_f1": 0.5303368026772283,
  "test_macro_f1": 0.49790844082433533,
  "test_accuracy": 0.5129384994506836
}