{
  "dataset": "imdb",
  "use_topology": true,
  "seed": 1,
  "topology_source": "random",
  "num_nodes": 4932,
  "num_classes": 5,
  "random_metapath": true,
  "node_features": "on",
  "fusion_beta": [
    0.2228265404701233,
    0.3894530236721039,
    0.17430108785629272,
    0.21341927349567413
  ],
  "topo_dim": 75,
  "val_macro_f1": 0.47869663242122346,
  "test_macro_f1": 0.4339604991871132,
  "test_accuracy": 0.7412242293357849
}