{
  "dataset": "imdb_pyg",
  "use_topology": false,
  "seed": 1,
  "topology_source": null,
  "num_nodes": 4278,
  "num_classes": 3,
  "node_features": "on",
  "val_macro_f1": 0.5625269117406028,
  "test_macro_f1": 0.5108285620950065,
  "test_accuracy": 0.5230017304420471
}