{
  "dataset": "imdb_pyg",
  "use_topology": true,
  "seed": 1,
  "topology_source": "gtn",
  "num_nodes": 4278,
  "num_classes": 3,
  "gtn_attentions": [
    [
      [
        [
          0.3463800549507141,
          0.3073665499687195,
          0.3462534248828888
        ],
        [
          0.3467407822608948,
          0.30684560537338257,
          0.34641364216804504
        ],
        [
          0.3468662202358246,
          0.30666691064834595,
          0.3464668393135071
        ],
        [
          0.3465699553489685,
          0.3075304925441742,
          0.3458995819091797
        ]
      ],
      [
        [
          0.3431790769100189,
          0.3089665472507477,
          0.3478544056415558
        ],
        [
          0.3430763781070709,
          0.30869218707084656,
          0.3482314646244049
        ],
        [
          0.3430481553077698,
          0.30857300758361816,
          0.34837883710861206
        ],
        [
          0.34337306022644043,
          0.30908992886543274,
          0.34753701090812683
        ]
      ]
    ]
  ],
  "gtn_only_test_macro_f1": 0.48148429398110865,
  "gtn_only_test_accuracy": 0.5281771421432495,
  "gtn_only_val_macro_f1": 0.5378115822933985,
  "node_features": "on",
  "fusion_beta": [
    0.17680120468139648,
    0.5387094020843506,
    0.04332025721669197,
    0.24116909503936768
  ],
  "topo_dim": 75,
  "val_macro_f1": 0.46516736485388516,
  "test_macro_f1": 0.43965028771323045,
  "test_accuracy": 0.4583093822002411
}