{
  "dataset": "imdb",
  "use_topology": true,
  "seed": 2,
  "topology_source": "gtn",
  "num_nodes": 4932,
  "num_classes": 5,
  "gtn_attentions": [
    [
      [
        [
          NaN,
          NaN,
          NaN,
          NaN
        ],
        [
          NaN,
          NaN,
          NaN,
          NaN
        ],
        [
          NaN,
          NaN,
          NaN,
          NaN
        ],
        [
          NaN,
          NaN,
          NaN,
          NaN
        ]
      ],
      [
        [
          NaN,
          NaN,
          NaN,
          NaN
        ],
        [
          NaN,
          NaN,
          NaN,
          NaN
        ],
        [
          NaN,
          NaN,
          NaN,
          NaN
        ],
        [
          NaN,
          NaN,
          NaN,
          NaN
        ]
      ]
    ],
    [
      [
        [
          0.25,
          0.25,
          0.25,
          0.25
        ],
        [
          0.25,
          0.25,
          0.2499999701976776,
          0.25
        ],
        [
          0.25,
          0.25,
          0.25,
          0.25
        ],
        [
          0.25,
          0.25,
          0.2499999701976776,
          0.25
        ]
      ]
    ]
  ],
  "gtn_only_test_macro_f1": 0.0,
  "gtn_only_test_accuracy": 0.6541536450386047,
  "gtn_only_val_macro_f1": 0.0,
  "node_features": "on",
  "fusion_beta": [
    0.25,
    0.25,
    0.25,
    0.25
  ],
  "topo_dim": 75,
  "val_macro_f1": 0.4769071358748779,
  "test_macro_f1": 0.45293698512508573,
  "test_accuracy": 0.7460961937904358
}