{
  "dataset": "imdb",
  "use_topology": false,
  "seed": 1,
  "topology_source": null,
  "num_nodes": 4932,
  "num_classes": 5,
  "node_features": "on",
  "val_macro_f1": 0.4541355021139388,
  "test_macro_f1": 0.44168982085256625,
  "test_accuracy": 0.7437851428985596
}