{
  "dataset": "imdb_pyg",
  "use_topology": true,
  "seed": 0,
  "topology_source": "manual",
  "num_nodes": 4278,
  "num_classes": 3,
  "manual_metapaths": [
    "MDM",
    "MAM"
  ],
  "node_features": "on",
  "fusion_beta": [
    0.48300427198410034,
    0.5169957280158997
  ],
  "topo_dim": 75,
  "val_macro_f1": 0.5413606454688846,
  "test_macro_f1": 0.5282334993944019,
  "test_accuracy": 0.5365152359008789
}