{
  "dataset": "imdb",
  "use_topology": true,
  "seed": 2,
  "topology_source": "random",
  "num_nodes": 4932,
  "num_classes": 5,
  "random_metapath": true,
  "node_features": "on",
  "fusion_beta": [
    0.32315003871917725,
    0.29526543617248535,
    0.21883292496204376,
    0.16275161504745483
  ],
  "topo_dim": 75,
  "val_macro_f1": 0.4447622957051617,
  "test_macro_f1": 0.40338846851300325,
  "test_accuracy": 0.7326046228408813
}