{
  "dataset": "imdb_pyg",
  "use_topology": true,
  "seed": 2,
  "topology_source": "gtn",
  "num_nodes": 4278,
  "num_classes": 3,
  "gtn_attentions": [
    [
      [
        [
          0.36922597885131836,
          0.2444039285182953,
          0.38637006282806396
        ],
        [
          0.36740055680274963,
          0.24544848501682281,
          0.38715100288391113
        ],
        [
          0.3692817687988281,
          0.24481016397476196,
          0.3859080970287323
        ],
        [
          0.36913731694221497,
          0.24463634192943573,
          0.3862263262271881
        ]
      ],
      [
        [
          0.35613536834716797,
          0.25048860907554626,
          0.39337608218193054
        ],
        [
          0.3579220175743103,
          0.25000157952308655,
          0.39207640290260315
        ],
        [
          0.35668298602104187,
          0.25072330236434937,
          0.3925936818122864
        ],
        [
          0.35744714736938477,
          0.2502874732017517,
          0.3922653794288635
        ]
      ]
    ]
  ],
  "gtn_only_test_macro_f1": 0.5242783218856212,
  "gtn_only_test_accuracy": 0.5365152359008789,
  "gtn_only_val_macro_f1": 0.5517138147340197,
  "node_features": "on",
  "fusion_beta": [
    0.21900373697280884,
    0.4366675913333893,
    0.18804091215133667,
    0.15628774464130402
  ],
  "topo_dim": 75,
  "val_macro_f1": 0.5314771013300424,
  "test_macro_f1": 0.4784686277064199,
  "test_accuracy": 0.4890742003917694
}