{
  "dataset": "imdb_pyg",
  "use_topology": true,
  "seed": 1,
  "topology_source": "gtn",
  "num_nodes": 4278,
  "num_classes": 3,
  "gtn_attentions": [
    [
      [
        [
          NaN,
          NaN,
          NaN
        ],
        [
          NaN,
          NaN,
          NaN
        ]
      ],
      [
        [
          NaN,
          NaN,
          NaN
        ],
        [
          NaN,
          NaN,
          NaN
        ]
      ]
    ],
    [
      [
        [
          0.33333325386047363,
          0.3333335220813751,
          0.33333322405815125
        ],
        [
          0.33222055435180664,
          0.33555880188941956,
          0.3322206139564514
        ]
      ]
    ]
  ],
  "gtn_only_test_macro_f1": 0.1431474373447731,
  "gtn_only_test_accuracy": 0.27343302965164185,
  "gtn_only_val_macro_f1": 0.11570247933884298,
  "node_features": "on",
  "fusion_beta": [
    0.5,
    0.5
  ],
  "topo_dim": 75,
  "val_macro_f1": 0.567719298245614,
  "test_macro_f1": 0.5178204575647455,
  "test_accuracy": 0.5301897525787354
}