{
  "dataset": "mag",
  "use_topology": true,
  "seed": 2,
  "topology_source": "gtn",
  "num_nodes": 6000,
  "num_classes": 349,
  "gtn_attentions": [
    [
      [
        [
          0.23032677173614502,
          0.22851547598838806,
          0.2917289137840271,
          0.249428853392601
        ],
        [
          0.22920431196689606,
          0.2275627851486206,
          0.2946539521217346,
          0.24857895076274872
        ]
      ],
      [
        [
          0.232105553150177,
          0.23081980645656586,
          0.2825084924697876,
          0.25456616282463074
        ],
        [
          0.23170626163482666,
          0.230552077293396,
          0.283059298992157,
          0.254682332277298
        ]
      ]
    ],
    [
      [
        [
          0.2771206796169281,
          0.24105501174926758,
          0.22702468931674957,
          0.25479960441589355
        ],
        [
          0.27617326378822327,
          0.24200975894927979,
          0.22637179493904114,
          0.2554452121257782
        ]
      ]
    ]
  ],
  "gtn_only_test_macro_f1": 0.009913258983890954,
  "gtn_only_test_accuracy": 0.17467248439788818,
  "gtn_only_val_macro_f1": 0.025084495141529363,
  "node_features": "on",
  "fusion_beta": [
    0.9253957867622375,
    0.07460422068834305
  ],
  "topo_dim": 75,
  "val_macro_f1": 0.04298206937095826,
  "test_macro_f1": 0.024883784522832922,
  "test_accuracy": 0.2925764322280884
}