{
  "dataset": "mag",
  "use_topology": true,
  "seed": 0,
  "topology_source": "manual",
  "num_nodes": 6000,
  "num_classes": 349,
  "manual_metapaths": [
    "PcP",
    "PAP"
  ],
  "node_features": "on",
  "fusion_beta": [
    0.49999991059303284,
    0.5000000596046448
  ],
  "topo_dim": 75,
  "val_macro_f1": 0.0172406569465393,
  "test_macro_f1": 0.024796716286077984,
  "test_accuracy": 0.15126051008701324
}