{
  "dataset": "mag",
  "use_topology": false,
  "seed": 0,
  "topology_source": null,
  "num_nodes": 6000,
  "num_classes": 349,
  "node_features": "on",
  "val_macro_f1": 0.01906422569027611,
  "test_macro_f1": 0.015785801500087217,
  "test_accuracy": 0.13445378839969635
}