{
  "dataset": "mag",
  "use_topology": true,
  "seed": 2,
  "topology_source": "gtn",
  "num_nodes": 6000,
  "num_classes": 349,
  "gtn_attentions": [
    [
      [
        [
          0.23071710765361786,
          0.2290036529302597,
          0.290351539850235,
          0.24992765486240387
        ],
        [
          0.23005397617816925,
          0.22868844866752625,
          0.291893869638443,
          0.24936367571353912
        ],
        [
          0.23162487149238586,
          0.23058997094631195,
          0.28721264004707336,
          0.2505725622177124
        ],
        [
          0.23009607195854187,
          0.22946085035800934,
          0.2913321256637573,
          0.24911099672317505
        ]
      ],
      [
        [
          0.23993578553199768,
          0.23318471014499664,
          0.2733704745769501,
          0.253508985042572
        ],
        [
          0.24001279473304749,
          0.23182441294193268,
          0.27492910623550415,
          0.2532336711883545
        ],
        [
          0.2398694008588791,
          0.233199805021286,
          0.2732774317264557,
          0.2536533772945404
        ],
        [
          0.2386886030435562,
          0.23238956928253174,
          0.27592453360557556,
          0.2529973089694977
        ]
      ]
    ],
    [
      [
        [
          0.2959478795528412,
          0.25291335582733154,
          0.2146252989768982,
          0.23651345074176788
        ],
        [
          0.29487863183021545,
          0.24910107254981995,
          0.21839353442192078,
          0.2376267910003662
        ],
        [
          0.2946082353591919,
          0.2516259551048279,
          0.21660906076431274,
          0.23715674877166748
        ],
        [
          0.2949475646018982,
          0.24871926009655,
          0.2192326784133911,
          0.2371004968881607
        ]
      ]
    ]
  ],
  "gtn_only_test_macro_f1": 0.009987515605493134,
  "gtn_only_test_accuracy": 0.17467248439788818,
  "gtn_only_val_macro_f1": 0.03343915343915344,
  "node_features": "off",
  "fusion_beta": [
    0.04238120838999748,
    0.20642486214637756,
    0.5824964642524719,
    0.16869746148586273
  ],
  "topo_dim": 75,
  "val_macro_f1": 0.0259676970203286,
  "test_macro_f1": 0.027169199594731512,
  "test_accuracy": 0.21834062039852142
}