{
  "dataset": "mag",
  "use_topology": true,
  "seed": 0,
  "topology_source": "random",
  "num_nodes": 6000,
  "num_classes": 349,
  "random_metapath": true,
  "node_features": "on",
  "fusion_beta": [
    0.06396861374378204,
    0.08641266077756882,
    0.7101472020149231,
    0.13947148621082306
  ],
  "topo_dim": 75,
  "val_macro_f1": 0.035485429111403594,
  "test_macro_f1": 0.0783769640912498,
  "test_accuracy": 0.19327731430530548
}