{
  "dataset": "mag",
  "use_topology": true,
  "seed": 2,
  "topology_source": "gtn",
  "num_nodes": 6000,
  "num_classes": 349,
  "gtn_attentions": [
    [
      [
        [
          0.22281035780906677,
          0.2230285257101059,
          0.30119675397872925,
          0.2529643774032593
        ],
        [
          0.22183749079704285,
          0.22268718481063843,
          0.3032773435115814,
          0.2521979808807373
        ],
        [
          0.2235758900642395,
          0.22401997447013855,
          0.2981507182121277,
          0.25425341725349426
        ],
        [
          0.22193579375743866,
          0.22315335273742676,
          0.3030383586883545,
          0.2518724799156189
        ]
      ],
      [
        [
          0.27399513125419617,
          0.22947916388511658,
          0.2417546510696411,
          0.25477108359336853
        ],
        [
          0.2738674581050873,
          0.22764480113983154,
          0.2443280667066574,
          0.2541596591472626
        ],
        [
          0.27566012740135193,
          0.22930866479873657,
          0.23969605565071106,
          0.25533509254455566
        ],
        [
          0.27338600158691406,
          0.22858595848083496,
          0.2443062663078308,
          0.25372177362442017
        ]
      ]
    ]
  ],
  "gtn_only_test_macro_f1": 0.009950248756218905,
  "gtn_only_test_accuracy": 0.17467248439788818,
  "gtn_only_val_macro_f1": 0.03337582324198003,
  "node_features": "on",
  "fusion_beta": [
    0.14199714362621307,
    0.3040815591812134,
    0.4674329161643982,
    0.08648840337991714
  ],
  "topo_dim": 75,
  "val_macro_f1": 0.028158295281582948,
  "test_macro_f1": 0.018610013175230568,
  "test_accuracy": 0.17467248439788818
}