{
  "dataset": "mag",
  "use_topology": true,
  "seed": 1,
  "topology_source": "gtn",
  "num_nodes": 6000,
  "num_classes": 349,
  "gtn_attentions": [
    [
      [
        [
          0.24465148150920868,
          0.23089048266410828,
          0.2704091966152191,
          0.2540488839149475
        ],
        [
          0.24272193014621735,
          0.22712448239326477,
          0.2767977714538574,
          0.25335583090782166
        ],
        [
          0.24456730484962463,
          0.2296433001756668,
          0.2706184387207031,
          0.2551709711551666
        ],
        [
          0.24279068410396576,
          0.23006649315357208,
          0.2740514278411865,
          0.253091424703598
        ]
      ],
      [
        [
          0.27466079592704773,
          0.23075716197490692,
          0.2390090823173523,
          0.25557297468185425
        ],
        [
          0.27500250935554504,
          0.22972723841667175,
          0.2396412044763565,
          0.2556290626525879
        ],
        [
          0.27653056383132935,
          0.22998341917991638,
          0.23776187002658844,
          0.255724161863327
        ],
        [
          0.27447864413261414,
          0.23039734363555908,
          0.2412123680114746,
          0.2539116442203522
        ]
      ]
    ]
  ],
  "gtn_only_test_macro_f1": 0.0,
  "gtn_only_test_accuracy": 0.0,
  "gtn_only_val_macro_f1": 0.13136094674556215,
  "node_features": "on",
  "fusion_beta": [
    0.010736986063420773,
    0.1500663459300995,
    0.8152991533279419,
    0.02389754354953766
  ],
  "topo_dim": 75,
  "val_macro_f1": 0.1346153846153846,
  "test_macro_f1": 0.0,
  "test_accuracy": 0.0
}