{
  "dataset": "mag",
  "use_topology": true,
  "seed": 0,
  "topology_source": "gtn",
  "num_nodes": 6000,
  "num_classes": 349,
  "gtn_attentions": [
    [
      [
        [
          0.24306927621364594,
          0.22504815459251404,
          0.2697986662387848,
          0.2620839476585388
        ],
        [
          0.2436034381389618,
          0.22400887310504913,
          0.26967623829841614,
          0.2627114951610565
        ],
        [
          0.24400325119495392,
          0.223572239279747,
          0.2694937288761139,
          0.2629307806491852
        ],
        [
          0.24478329718112946,
          0.22551491856575012,
          0.26694455742836,
          0.26275724172592163
        ]
      ],
      [
        [
          0.2911129295825958,
          0.2213883399963379,
          0.2241971492767334,
          0.2633016109466553
        ],
        [
          0.29338908195495605,
          0.22021032869815826,
          0.22235025465488434,
          0.26405033469200134
        ],
        [
          0.293049156665802,
          0.22113348543643951,
          0.2216006964445114,
          0.26421669125556946
        ],
        [
          0.2925589382648468,
          0.22413572669029236,
          0.21960482001304626,
          0.26370054483413696
        ]
      ]
    ]
  ],
  "gtn_only_test_macro_f1": 0.013663092355586302,
  "gtn_only_test_accuracy": 0.15126051008701324,
  "gtn_only_val_macro_f1": 0.023879199921174498,
  "node_features": "on",
  "fusion_beta": [
    0.07701966911554337,
    0.27331992983818054,
    0.3502108156681061,
    0.299449622631073
  ],
  "topo_dim": 75,
  "val_macro_f1": 0.022035933705762928,
  "test_macro_f1": 0.03297405918889295,
  "test_accuracy": 0.15126051008701324
}