{
  "dataset": "mag",
  "use_topology": true,
  "seed": 2,
  "topology_source": "random",
  "num_nodes": 6000,
  "num_classes": 349,
  "random_metapath": true,
  "node_features": "on",
  "fusion_beta": [
    0.24385789036750793,
    0.2708049416542053,
    0.2510487735271454,
    0.23428837954998016
  ],
  "topo_dim": 75,
  "val_macro_f1": 0.031071571758395193,
  "test_macro_f1": 0.019342930970837946,
  "test_accuracy": 0.17030568420886993
}