{
  "dataset": "mag",
  "use_topology": true,
  "seed": 1,
  "topology_source": "gtn",
  "num_nodes": 6000,
  "num_classes": 349,
  "gtn_attentions": [
    [
      [
        [
          0.2467099130153656,
          0.23826876282691956,
          0.26236000657081604,
          0.2526612877845764
        ],
        [
          0.2452416867017746,
          0.23465876281261444,
          0.268078476190567,
          0.25202104449272156
        ],
        [
          0.24670164287090302,
          0.23738685250282288,
          0.2628078758716583,
          0.253103643655777
        ],
        [
          0.2454911172389984,
          0.238003671169281,
          0.26410794258117676,
          0.2523972988128662
        ]
      ],
      [
        [
          0.24456775188446045,
          0.2311391830444336,
          0.27137744426727295,
          0.2529156506061554
        ],
        [
          0.24367763102054596,
          0.2304486632347107,
          0.27354371547698975,
          0.2523299753665924
        ],
        [
          0.243810772895813,
          0.23030583560466766,
          0.2730806767940521,
          0.2528027594089508
        ],
        [
          0.24381844699382782,
          0.23083148896694183,
          0.27329951524734497,
          0.2520505487918854
        ]
      ]
    ],
    [
      [
        [
          0.2737291157245636,
          0.24114595353603363,
          0.2417021244764328,
          0.24342280626296997
        ],
        [
          0.27458620071411133,
          0.23968800902366638,
          0.2418430745601654,
          0.24388274550437927
        ],
        [
          0.27642032504081726,
          0.23982882499694824,
          0.23923476040363312,
          0.2445160448551178
        ],
        [
          0.2711169123649597,
          0.2406882643699646,
          0.246862530708313,
          0.24133221805095673
        ]
      ]
    ]
  ],
  "gtn_only_test_macro_f1": 0.06666666666666667,
  "gtn_only_test_accuracy": 0.0833333358168602,
  "gtn_only_val_macro_f1": 0.12967032967032968,
  "node_features": "on",
  "fusion_beta": [
    0.2221609652042389,
    0.11217091977596283,
    0.08430056273937225,
    0.581367552280426
  ],
  "topo_dim": 75,
  "val_macro_f1": 0.12179487179487179,
  "test_macro_f1": 0.0,
  "test_accuracy": 0.0,
  "test_macro_f1_permuted": 0.0
}