{
  "dataset": "mag",
  "use_topology": true,
  "seed": 1,
  "topology_source": "gtn",
  "num_nodes": 6000,
  "num_classes": 349,
  "gtn_attentions": [
    [
      [
        [
          0.2423502802848816,
          0.2183161973953247,
          0.2839477062225342,
          0.25538578629493713
        ],
        [
          0.23951634764671326,
          0.2201167792081833,
          0.28470322489738464,
          0.2556636333465576
        ]
      ],
      [
        [
          0.23951473832130432,
          0.2136458307504654,
          0.28956496715545654,
          0.25727447867393494
        ],
        [
          0.23756934702396393,
          0.213785320520401,
          0.2917264997959137,
          0.25691887736320496
        ]
      ]
    ],
    [
      [
        [
          0.28006598353385925,
          0.22996041178703308,
          0.25058862566947937,
          0.23938493430614471
        ],
        [
          0.28075629472732544,
          0.22934648394584656,
          0.24956443905830383,
          0.24033279716968536
        ]
      ]
    ]
  ],
  "gtn_only_test_macro_f1": 0.06666666666666667,
  "gtn_only_test_accuracy": 0.0833333358168602,
  "gtn_only_val_macro_f1": 0.12454212454212454,
  "node_features": "on",
  "fusion_beta": [
    0.9912360906600952,
    0.008763885125517845
  ],
  "topo_dim": 75,
  "val_macro_f1": 0.13736263736263737,
  "test_macro_f1": 0.0,
  "test_accuracy": 0.0
}