{
  "dataset": "mag",
  "use_topology": false,
  "seed": 2,
  "topology_source": null,
  "num_nodes": 6000,
  "num_classes": 349,
  "node_features": "on",
  "val_macro_f1": 0.03218473332177404,
  "test_macro_f1": 0.012532167338480109,
  "test_accuracy": 0.17903929948806763
}