{
  "dataset": "mag",
  "use_topology": true,
  "seed": 0,
  "topology_source": "gtn",
  "num_nodes": 6000,
  "num_classes": 349,
  "gtn_attentions": [
    [
      [
        [
          0.24713675677776337,
          0.24036574363708496,
          0.25291329622268677,
          0.2595842182636261
        ],
        [
          0.2456110566854477,
          0.23735292255878448,
          0.25632405281066895,
          0.26071199774742126
        ]
      ],
      [
        [
          0.2382703572511673,
          0.22227896749973297,
          0.28143516182899475,
          0.25801554322242737
        ],
        [
          0.23745015263557434,
          0.2218017727136612,
          0.2819642424583435,
          0.25878384709358215
        ]
      ]
    ],
    [
      [
        [
          0.28225788474082947,
          0.24683120846748352,
          0.22618326544761658,
          0.24472761154174805
        ],
        [
          0.28253063559532166,
          0.2449689358472824,
          0.22834280133247375,
          0.2441575676202774
        ]
      ]
    ]
  ],
  "gtn_only_test_macro_f1": 0.0064761904761904765,
  "gtn_only_test_accuracy": 0.1428571492433548,
  "gtn_only_val_macro_f1": 0.01826590364652648,
  "node_features": "on",
  "fusion_beta": [
    0.4082573652267456,
    0.5917425751686096
  ],
  "topo_dim": 75,
  "val_macro_f1": 0.021323007522792314,
  "test_macro_f1": 0.051561699948796724,
  "test_accuracy": 0.1596638709306717
}