{
  "dataset": "mutag",
  "use_topology": true,
  "seed": 1,
  "topology_source": "gtn",
  "num_nodes": 4000,
  "num_classes": 2,
  "gtn_attentions": [
    [
      [
        [
          0.14286041259765625,
          0.1428525298833847,
          0.14285649359226227,
          0.14285649359226227,
          0.14285731315612793,
          0.14285768568515778,
          0.14285902678966522
        ],
        [
          0.14286036789417267,
          0.14284701645374298,
          0.1428600251674652,
          0.1428600251674652,
          0.1428575962781906,
          0.14285825192928314,
          0.1428566873073578
        ],
        [
          0.1428571492433548,
          0.142856627702713,
          0.14285703003406525,
          0.14285703003406525,
          0.14285703003406525,
          0.1428575962781906,
          0.14285749197006226
        ],
        [
          0.14285928010940552,
          0.1428474634885788,
          0.14285887777805328,
          0.14285887777805328,
          0.14285820722579956,
          0.14285904169082642,
          0.14285826683044434
        ]
      ],
      [
        [
          0.1428566575050354,
          0.1428508162498474,
          0.1428575962781906,
          0.1428575962781906,
          0.14285840094089508,
          0.14285877346992493,
          0.14286011457443237
        ],
        [
          0.14285816252231598,
          0.1428469717502594,
          0.14286048710346222,
          0.14286048710346222,
          0.14285805821418762,
          0.14285871386528015,
          0.1428571492433548
        ],
        [
          0.14285576343536377,
          0.14285677671432495,
          0.14285728335380554,
          0.14285728335380554,
          0.14285728335380554,
          0.1428578495979309,
          0.14285774528980255
        ],
        [
          0.14285825192928314,
          0.14284729957580566,
          0.14285911619663239,
          0.14285911619663239,
          0.14285844564437866,
          0.14285928010940552,
          0.14285852015018463
        ]
      ]
    ]
  ],
  "gtn_only_test_macro_f1": 0.39823008849557523,
  "gtn_only_test_accuracy": 0.6617646813392639,
  "gtn_only_val_macro_f1": 0.37878787878787873,
  "node_features": "on",
  "fusion_beta": [
    0.1893439143896103,
    0.3782997727394104,
    0.15386469662189484,
    0.27849164605140686
  ],
  "topo_dim": 75,
  "val_macro_f1": 0.37878787878787873,
  "test_macro_f1": 0.39823008849557523,
  "test_accuracy": 0.6617646813392639
}