{
  "dataset": "mutag",
  "use_topology": false,
  "seed": 2,
  "topology_source": null,
  "num_nodes": 4000,
  "num_classes": 2,
  "node_features": "on",
  "val_macro_f1": 0.37878787878787873,
  "test_macro_f1": 0.39823008849557523,
  "test_accuracy": 0.6617646813392639
}