{
  "dataset": "mutag",
  "use_topology": true,
  "seed": 1,
  "topology_source": "manual",
  "num_nodes": 4000,
  "num_classes": 2,
  "manual_metapaths": [
    "r0",
    "r1"
  ],
  "node_features": "on",
  "fusion_beta": [
    0.500002920627594,
    0.499997079372406
  ],
  "topo_dim": 75,
  "val_macro_f1": 0.37878787878787873,
  "test_macro_f1": 0.39823008849557523,
  "test_accuracy": 0.6617646813392639
}