{
  "dataset": "mutag",
  "use_topology": true,
  "seed": 2,
  "topology_source": "random",
  "num_nodes": 4000,
  "num_classes": 2,
  "random_metapath": true,
  "node_features": "on",
  "fusion_beta": [
    0.2890808880329132,
    0.3304072618484497,
    0.22930201888084412,
    0.15120987594127655
  ],
  "topo_dim": 75,
  "val_macro_f1": 0.37878787878787873,
  "test_macro_f1": 0.39823008849557523,
  "test_accuracy": 0.6617646813392639
}