{
  "dataset": "mutag",
  "use_topology": true,
  "seed": 0,
  "topology_source": "gtn",
  "num_nodes": 4000,
  "num_classes": 2,
  "gtn_attentions": [
    [
      [
        [
          0.1474485546350479,
          0.18254698812961578,
          0.1349986493587494,
          0.1349986493587494,
          0.1158241406083107,
          0.11495997756719589,
          0.16922299563884735
        ],
        [
          0.14767268300056458,
          0.1823655515909195,
          0.1348450928926468,
          0.1348450928926468,
          0.11562420427799225,
          0.11482444405555725,
          0.16982290148735046
        ]
      ],
      [
        [
          0.14344355463981628,
          0.135514035820961,
          0.14378021657466888,
          0.14378021657466888,
          0.12666717171669006,
          0.1265535205602646,
          0.18026135861873627
        ],
        [
          0.14328289031982422,
          0.13535895943641663,
          0.14363515377044678,
          0.14363515377044678,
          0.12664653360843658,
          0.12653549015522003,
          0.1809057742357254
        ]
      ]
    ],
    [
      [
        [
          0.17626707255840302,
          0.12210557609796524,
          0.17657482624053955,
          0.17657482624053955,
          0.11017168313264847,
          0.11012043803930283,
          0.12818558514118195
        ],
        [
          0.17667177319526672,
          0.12184857577085495,
          0.17699013650417328,
          0.17699013650417328,
          0.10982213914394379,
          0.10977303236722946,
          0.12790420651435852
        ]
      ]
    ]
  ],
  "gtn_only_test_macro_f1": 0.5609921848453959,
  "gtn_only_test_accuracy": 0.7205882668495178,
  "gtn_only_val_macro_f1": 0.5017361111111112,
  "node_features": "on",
  "fusion_beta": [
    0.4126293957233429,
    0.5873706340789795
  ],
  "topo_dim": 75,
  "val_macro_f1": 0.37878787878787873,
  "test_macro_f1": 0.39823008849557523,
  "test_accuracy": 0.6617646813392639
}