{
  "dataset": "mutag",
  "use_topology": true,
  "seed": 2,
  "topology_source": "gtn",
  "num_nodes": 4000,
  "num_classes": 2,
  "gtn_attentions": [
    [
      [
        [
          0.14623291790485382,
          0.18261247873306274,
          0.1352638155221939,
          0.1352638155221939,
          0.11472857743501663,
          0.11380695551633835,
          0.17209145426750183
        ],
        [
          0.1462523192167282,
          0.18242579698562622,
          0.1353842318058014,
          0.1353842318058014,
          0.11465415358543396,
          0.11375287920236588,
          0.17214632034301758
        ]
      ],
      [
        [
          0.14356347918510437,
          0.1346498280763626,
          0.1439393311738968,
          0.1439393311738968,
          0.12544254958629608,
          0.12532572448253632,
          0.18313974142074585
        ],
        [
          0.1435634195804596,
          0.1347256898880005,
          0.14393101632595062,
          0.14393101632595062,
          0.1254783421754837,
          0.12536296248435974,
          0.18300756812095642
        ]
      ]
    ],
    [
      [
        [
          0.17880697548389435,
          0.11997111886739731,
          0.1790577620267868,
          0.1790577620267868,
          0.1083977147936821,
          0.1083151325583458,
          0.12639352679252625
        ],
        [
          0.17860235273838043,
          0.12012597918510437,
          0.17878694832324982,
          0.17878694832324982,
          0.10849418491125107,
          0.1084192544221878,
          0.1267842948436737
        ]
      ]
    ]
  ],
  "gtn_only_test_macro_f1": 0.6274572993876893,
  "gtn_only_test_accuracy": 0.75,
  "gtn_only_val_macro_f1": 0.5547201336675021,
  "node_features": "on",
  "fusion_beta": [
    0.48310428857803345,
    0.5168956518173218
  ],
  "topo_dim": 75,
  "val_macro_f1": 0.37878787878787873,
  "test_macro_f1": 0.39823008849557523,
  "test_accuracy": 0.6617646813392639
}