{
  "dataset": "mutag",
  "use_topology": true,
  "seed": 1,
  "topology_source": "gtn",
  "num_nodes": 4000,
  "num_classes": 2,
  "gtn_attentions": [
    [
      [
        [
          0.14326903223991394,
          0.17033794522285461,
          0.1353255659341812,
          0.1353255659341812,
          0.12131549417972565,
          0.12038761377334595,
          0.17403875291347504
        ],
        [
          0.1438709944486618,
          0.16988149285316467,
          0.1354275792837143,
          0.1354275792837143,
          0.12137328833341599,
          0.12052444368600845,
          0.1734946221113205
        ]
      ],
      [
        [
          0.14251723885536194,
          0.1363559514284134,
          0.14284443855285645,
          0.14284443855285645,
          0.12571558356285095,
          0.1256658136844635,
          0.18405652046203613
        ],
        [
          0.14257825911045074,
          0.13665568828582764,
          0.14289602637290955,
          0.14289602637290955,
          0.12579385936260223,
          0.12574556469917297,
          0.1834346204996109
        ]
      ]
    ],
    [
      [
        [
          0.1770152598619461,
          0.12297829240560532,
          0.17693963646888733,
          0.17693963646888733,
          0.10831981152296066,
          0.1082809716463089,
          0.12952640652656555
        ],
        [
          0.17679375410079956,
          0.12318152189254761,
          0.176797017455101,
          0.176797017455101,
          0.10829923301935196,
          0.10826870054006577,
          0.1298627406358719
        ]
      ]
    ]
  ],
  "gtn_only_test_macro_f1": 0.7043478260869567,
  "gtn_only_test_accuracy": 0.7352941036224365,
  "gtn_only_val_macro_f1": 0.6925,
  "node_features": "on",
  "fusion_beta": [
    0.38280877470970154,
    0.6171912550926208
  ],
  "topo_dim": 75,
  "val_macro_f1": 0.37878787878787873,
  "test_macro_f1": 0.39823008849557523,
  "test_accuracy": 0.6617646813392639
}