{
  "dataset": "mutag",
  "use_topology": true,
  "seed": 1,
  "topology_source": "random",
  "num_nodes": 4000,
  "num_classes": 2,
  "random_metapath": true,
  "node_features": "on",
  "fusion_beta": [
    0.1799711138010025,
    0.33667635917663574,
    0.16956397891044617,
    0.3137885630130768
  ],
  "topo_dim": 75,
  "val_macro_f1": 0.37878787878787873,
  "test_macro_f1": 0.39823008849557523,
  "test_accuracy": 0.6617646813392639
}