{
  "dataset": "mutag",
  "use_topology": true,
  "seed": 0,
  "topology_source": "random",
  "num_nodes": 4000,
  "num_classes": 2,
  "random_metapath": true,
  "node_features": "on",
  "fusion_beta": [
    0.23364832997322083,
    0.26844337582588196,
    0.30611589550971985,
    0.19179242849349976
  ],
  "topo_dim": 75,
  "val_macro_f1": 0.37878787878787873,
  "test_macro_f1": 0.39823008849557523,
  "test_accuracy": 0.6617646813392639
}