{
  "dataset": "pubmed",
  "use_topology": true,
  "seed": 0,
  "topology_source": "random",
  "num_nodes": 6000,
  "num_classes": 8,
  "random_metapath": true,
  "node_features": "on",
  "fusion_beta": [
    0.2808789610862732,
    0.3218875825405121,
    0.13439512252807617,
    0.26283833384513855
  ],
  "topo_dim": 75,
  "val_macro_f1": 0.1687185443283004,
  "test_macro_f1": 0.0634920634920635,
  "test_accuracy": 0.1111111119389534
}