{
  "dataset": "pubmed",
  "use_topology": true,
  "seed": 1,
  "topology_source": "manual",
  "num_nodes": 6000,
  "num_classes": 8,
  "manual_metapaths": [
    "DGD",
    "DCD"
  ],
  "node_features": "on",
  "fusion_beta": [
    0.4864499270915985,
    0.5135501027107239
  ],
  "topo_dim": 75,
  "val_macro_f1": 0.12477622627998568,
  "test_macro_f1": 0.07281454248366014,
  "test_accuracy": 0.09615384787321091
}