{
  "dataset": "pubmed",
  "use_topology": true,
  "seed": 2,
  "topology_source": "gtn",
  "num_nodes": 6000,
  "num_classes": 8,
  "gtn_attentions": [
    [
      [
        [
          0.2107185572385788,
          0.19662871956825256,
          0.20457354187965393,
          0.19242529571056366,
          0.19565394520759583
        ],
        [
          0.21467700600624084,
          0.2016371488571167,
          0.19259034097194672,
          0.1947920173406601,
          0.19630347192287445
        ]
      ],
      [
        [
          0.2036295086145401,
          0.2020980417728424,
          0.19553905725479126,
          0.2004632204771042,
          0.19827017188072205
        ],
        [
          0.20624525845050812,
          0.2068585306406021,
          0.18991409242153168,
          0.19910936057567596,
          0.19787272810935974
        ]
      ]
    ],
    [
      [
        [
          0.21806253492832184,
          0.17368577420711517,
          0.1645095944404602,
          0.22062727808952332,
          0.22311483323574066
        ],
        [
          0.22848495841026306,
          0.1634756624698639,
          0.1616332232952118,
          0.22526098787784576,
          0.2211451381444931
        ]
      ]
    ]
  ],
  "gtn_only_test_macro_f1": 0.42032163742690054,
  "gtn_only_test_accuracy": 0.4528301954269409,
  "gtn_only_val_macro_f1": 0.3682539682539683,
  "node_features": "on",
  "fusion_beta": [
    0.022391637787222862,
    0.9776083827018738
  ],
  "topo_dim": 75,
  "val_macro_f1": 0.1360544217687075,
  "test_macro_f1": 0.04081632653061224,
  "test_accuracy": 0.15094339847564697
}