{
  "dataset": "pubmed",
  "use_topology": true,
  "seed": 0,
  "topology_source": "gtn",
  "num_nodes": 6000,
  "num_classes": 8,
  "gtn_attentions": [
    [
      [
        [
          0.2177179455757141,
          0.2082521766424179,
          0.18897132575511932,
          0.18983176350593567,
          0.19522684812545776
        ],
        [
          0.21268422901630402,
          0.20884066820144653,
          0.18497878313064575,
          0.19780325889587402,
          0.1956930160522461
        ],
        [
          0.21571017801761627,
          0.20250964164733887,
          0.18790797889232635,
          0.19810615479946136,
          0.19576603174209595
        ],
        [
          0.21302810311317444,
          0.20514655113220215,
          0.18878918886184692,
          0.1969527155160904,
          0.19608339667320251
        ]
      ],
      [
        [
          0.20293109118938446,
          0.2112981677055359,
          0.1872168332338333,
          0.20183447003364563,
          0.19671951234340668
        ],
        [
          0.203269824385643,
          0.20912344753742218,
          0.18504953384399414,
          0.20622405409812927,
          0.1963331699371338
        ],
        [
          0.20270512998104095,
          0.20825669169425964,
          0.18586194515228271,
          0.20648767054080963,
          0.19668859243392944
        ],
        [
          0.2018226683139801,
          0.2097819745540619,
          0.18570232391357422,
          0.20642077922821045,
          0.19627225399017334
        ]
      ]
    ],
    [
      [
        [
          0.22158674895763397,
          0.1623508334159851,
          0.16761094331741333,
          0.22888697683811188,
          0.21956448256969452
        ],
        [
          0.223063662648201,
          0.16616331040859222,
          0.16215087473392487,
          0.2286807894706726,
          0.21994130313396454
        ],
        [
          0.22227850556373596,
          0.17040087282657623,
          0.16013741493225098,
          0.22718212008476257,
          0.22000105679035187
        ],
        [
          0.22595790028572083,
          0.16012978553771973,
          0.15968936681747437,
          0.22830915451049805,
          0.22591383755207062
        ]
      ]
    ]
  ],
  "gtn_only_test_macro_f1": 0.3589285714285714,
  "gtn_only_test_accuracy": 0.46296295523643494,
  "gtn_only_val_macro_f1": 0.36351267779839214,
  "node_features": "off",
  "fusion_beta": [
    0.1639316827058792,
    0.4100312888622284,
    0.11878950893878937,
    0.30724748969078064
  ],
  "topo_dim": 75,
  "val_macro_f1": 0.20292372268056158,
  "test_macro_f1": 0.09098360655737706,
  "test_accuracy": 0.20370370149612427
}