{
  "dataset": "pubmed",
  "use_topology": true,
  "seed": 0,
  "topology_source": "gtn",
  "num_nodes": 6000,
  "num_classes": 8,
  "gtn_attentions": [
    [
      [
        [
          0.19959932565689087,
          0.19959920644760132,
          0.19959920644760132,
          0.20160293579101562,
          0.19959932565689087
        ],
        [
          0.19999977946281433,
          0.19999970495700836,
          0.19999969005584717,
          0.2000008523464203,
          0.19999997317790985
        ],
        [
          0.19999998807907104,
          0.19999998807907104,
          0.19999998807907104,
          0.19999998807907104,
          0.20000003278255463
        ],
        [
          0.20000004768371582,
          0.20000004768371582,
          0.2000001072883606,
          0.19999989867210388,
          0.19999992847442627
        ]
      ],
      [
        [
          0.19959868490695953,
          0.19959911704063416,
          0.2016044706106186,
          0.19959890842437744,
          0.19959884881973267
        ],
        [
          0.19999974966049194,
          0.20000016689300537,
          0.20000004768371582,
          0.20000003278255463,
          0.20000004768371582
        ],
        [
          0.19999994337558746,
          0.2000000774860382,
          0.20000000298023224,
          0.20000003278255463,
          0.20000003278255463
        ],
        [
          0.201604425907135,
          0.19959890842437744,
          0.19959887862205505,
          0.19959890842437744,
          0.19959887862205505
        ]
      ]
    ]
  ],
  "gtn_only_test_macro_f1": 0.0423076923076923,
  "gtn_only_test_accuracy": 0.20370370149612427,
  "gtn_only_val_macro_f1": 0.06469002695417789,
  "node_features": "on",
  "fusion_beta": [
    0.01941586285829544,
    0.9156840443611145,
    0.054580383002758026,
    0.010319685563445091
  ],
  "topo_dim": 75,
  "val_macro_f1": 0.17959183673469387,
  "test_macro_f1": 0.11546985815602837,
  "test_accuracy": 0.2222222238779068
}