{
  "dataset": "pubmed",
  "use_topology": true,
  "seed": 1,
  "topology_source": "gtn",
  "num_nodes": 6000,
  "num_classes": 8,
  "gtn_attentions": [
    [
      [
        [
          0.20305104553699493,
          0.1986340880393982,
          0.1909322887659073,
          0.20948778092861176,
          0.19789481163024902
        ],
        [
          0.2036801129579544,
          0.20233657956123352,
          0.1904580146074295,
          0.20625731348991394,
          0.19726796448230743
        ],
        [
          0.20627352595329285,
          0.2019769698381424,
          0.19035817682743073,
          0.20357352495193481,
          0.19781780242919922
        ],
        [
          0.2046356052160263,
          0.1993192881345749,
          0.18805547058582306,
          0.2100958526134491,
          0.19789381325244904
        ]
      ],
      [
        [
          0.20449958741664886,
          0.20055072009563446,
          0.18751654028892517,
          0.20977884531021118,
          0.19765427708625793
        ],
        [
          0.20773321390151978,
          0.20209214091300964,
          0.18626615405082703,
          0.2067129760980606,
          0.19719551503658295
        ],
        [
          0.205488920211792,
          0.20142443478107452,
          0.18816663324832916,
          0.20695975422859192,
          0.19796022772789001
        ],
        [
          0.2052760273218155,
          0.2017703354358673,
          0.18687348067760468,
          0.20845620334148407,
          0.19762392342090607
        ]
      ]
    ],
    [
      [
        [
          0.2283937931060791,
          0.16271722316741943,
          0.15946678817272186,
          0.2253134399652481,
          0.22410878539085388
        ],
        [
          0.22605009377002716,
          0.1644141525030136,
          0.16143420338630676,
          0.22229121625423431,
          0.22581030428409576
        ],
        [
          0.22511745989322662,
          0.16325178742408752,
          0.16547125577926636,
          0.22223034501075745,
          0.22392907738685608
        ],
        [
          0.22041724622249603,
          0.1688404083251953,
          0.16372384130954742,
          0.22551743686199188,
          0.22150105237960815
        ]
      ]
    ]
  ],
  "gtn_only_test_macro_f1": 0.3641549422799423,
  "gtn_only_test_accuracy": 0.42307692766189575,
  "gtn_only_val_macro_f1": 0.3880952380952381,
  "node_features": "on",
  "fusion_beta": [
    0.2912946939468384,
    0.30791810154914856,
    0.0682915598154068,
    0.3324955701828003
  ],
  "topo_dim": 75,
  "val_macro_f1": 0.16206709956709958,
  "test_macro_f1": 0.04927536231884058,
  "test_accuracy": 0.13461539149284363,
  "test_macro_f1_permuted": 0.04791666666666666
}