{
  "dataset": "pubmed",
  "use_topology": true,
  "seed": 2,
  "topology_source": "random",
  "num_nodes": 6000,
  "num_classes": 8,
  "random_metapath": true,
  "node_features": "on",
  "fusion_beta": [
    0.23406009376049042,
    0.003211779287084937,
    0.007087633013725281,
    0.75564044713974
  ],
  "topo_dim": 75,
  "val_macro_f1": 0.1285714285714286,
  "test_macro_f1": 0.1216892764857881,
  "test_accuracy": 0.16981132328510284
}