{
  "dataset": "pubmed",
  "use_topology": true,
  "seed": 0,
  "topology_source": "manual",
  "num_nodes": 6000,
  "num_classes": 8,
  "manual_metapaths": [
    "DGD",
    "DCD"
  ],
  "node_features": "on",
  "fusion_beta": [
    0.41386398673057556,
    0.586135983467102
  ],
  "topo_dim": 75,
  "val_macro_f1": 0.16099773242630386,
  "test_macro_f1": 0.04861111111111111,
  "test_accuracy": 0.09259259700775146
}