{
  "dataset": "pubmed",
  "use_topology": true,
  "seed": 1,
  "topology_source": "gtn",
  "num_nodes": 6000,
  "num_classes": 8,
  "gtn_attentions": [
    [
      [
        [
          0.19999997317790985,
          0.19999998807907104,
          0.19999997317790985,
          0.20000001788139343,
          0.19999998807907104
        ],
        [
          0.19999997317790985,
          0.20000003278255463,
          0.19999997317790985,
          0.20000003278255463,
          0.19999997317790985
        ],
        [
          0.20000000298023224,
          0.20000000298023224,
          0.20000000298023224,
          0.20000000298023224,
          0.20000000298023224
        ],
        [
          0.20000000298023224,
          0.19999995827674866,
          0.19999994337558746,
          0.20000006258487701,
          0.20000000298023224
        ]
      ],
      [
        [
          0.19999998807907104,
          0.19999998807907104,
          0.20000003278255463,
          0.20000003278255463,
          0.20000001788139343
        ],
        [
          0.19999998807907104,
          0.19999995827674866,
          0.20000006258487701,
          0.19999998807907104,
          0.19999998807907104
        ],
        [
          0.19999998807907104,
          0.19999998807907104,
          0.20000001788139343,
          0.19999998807907104,
          0.19999998807907104
        ],
        [
          0.19999995827674866,
          0.20000001788139343,
          0.19999995827674866,
          0.20000001788139343,
          0.20000001788139343
        ]
      ]
    ]
  ],
  "gtn_only_test_macro_f1": 0.040322580645161296,
  "gtn_only_test_accuracy": 0.19230769574642181,
  "gtn_only_val_macro_f1": 0.04878048780487805,
  "node_features": "on",
  "fusion_beta": [
    0.34335121512413025,
    0.20846903324127197,
    0.10081421583890915,
    0.3473655879497528
  ],
  "topo_dim": 75,
  "val_macro_f1": 0.164390448261416,
  "test_macro_f1": 0.07227891156462585,
  "test_accuracy": 0.1538461595773697
}