{
  "dataset": "pubmed",
  "use_topology": true,
  "seed": 0,
  "topology_source": "gtn",
  "num_nodes": 6000,
  "num_classes": 8,
  "gtn_attentions": [
    [
      [
        [
          0.22345124185085297,
          0.20125584304332733,
          0.19463787972927094,
          0.18792550265789032,
          0.19272960722446442
        ],
        [
          0.22296588122844696,
          0.20121079683303833,
          0.19652850925922394,
          0.18679337203502655,
          0.19250139594078064
        ]
      ],
      [
        [
          0.21135884523391724,
          0.21564044058322906,
          0.18257226049900055,
          0.19522017240524292,
          0.19520828127861023
        ],
        [
          0.21240995824337006,
          0.21727555990219116,
          0.18079541623592377,
          0.19445690512657166,
          0.19506211578845978
        ]
      ]
    ],
    [
      [
        [
          0.2302490472793579,
          0.15676230192184448,
          0.14907294511795044,
          0.23514524102210999,
          0.22877046465873718
        ],
        [
          0.22757461667060852,
          0.15400288999080658,
          0.15685836970806122,
          0.23079489171504974,
          0.23076926171779633
        ]
      ]
    ]
  ],
  "gtn_only_test_macro_f1": 0.3408119658119658,
  "gtn_only_test_accuracy": 0.4444444477558136,
  "gtn_only_val_macro_f1": 0.3562358276643991,
  "node_features": "on",
  "fusion_beta": [
    0.5963150858879089,
    0.4036848545074463
  ],
  "topo_dim": 75,
  "val_macro_f1": 0.14489795918367346,
  "test_macro_f1": 0.07291666666666667,
  "test_accuracy": 0.1666666716337204
}