{
  "dataset": "pubmed",
  "use_topology": true,
  "seed": 1,
  "topology_source": "gtn",
  "num_nodes": 6000,
  "num_classes": 8,
  "gtn_attentions": [
    [
      [
        [
          0.2245905101299286,
          0.2013172209262848,
          0.17616334557533264,
          0.20276272296905518,
          0.19516631960868835
        ],
        [
          0.23200975358486176,
          0.2022021859884262,
          0.17754524946212769,
          0.19324086606502533,
          0.19500190019607544
        ]
      ],
      [
        [
          0.22073253989219666,
          0.21146200597286224,
          0.17264728248119354,
          0.2013816386461258,
          0.19377659261226654
        ],
        [
          0.22403617203235626,
          0.21240495145320892,
          0.17198342084884644,
          0.19790118932724,
          0.1936742067337036
        ]
      ]
    ],
    [
      [
        [
          0.2334430068731308,
          0.15197771787643433,
          0.15183700621128082,
          0.23652739822864532,
          0.22621488571166992
        ],
        [
          0.23452654480934143,
          0.1512063592672348,
          0.14896628260612488,
          0.23537281155586243,
          0.22992804646492004
        ]
      ]
    ]
  ],
  "gtn_only_test_macro_f1": 0.4212659173185489,
  "gtn_only_test_accuracy": 0.5,
  "gtn_only_val_macro_f1": 0.37569573283859,
  "node_features": "on",
  "fusion_beta": [
    0.3862876296043396,
    0.6137124300003052
  ],
  "topo_dim": 75,
  "val_macro_f1": 0.17835497835497835,
  "test_macro_f1": 0.1119047619047619,
  "test_accuracy": 0.1538461595773697
}