{
  "dataset": "pubmed",
  "use_topology": true,
  "seed": 2,
  "topology_source": "gtn",
  "num_nodes": 6000,
  "num_classes": 8,
  "gtn_attentions": [
    [
      [
        [
          0.21156461536884308,
          0.20407012104988098,
          0.19812768697738647,
          0.18999190628528595,
          0.19624562561511993
        ],
        [
          0.20834508538246155,
          0.20754694938659668,
          0.1977420598268509,
          0.19013328850269318,
          0.1962326169013977
        ],
        [
          0.21231672167778015,
          0.20044191181659698,
          0.19915536046028137,
          0.19253799319267273,
          0.19554796814918518
        ],
        [
          0.21529895067214966,
          0.20221278071403503,
          0.19350573420524597,
          0.1929701566696167,
          0.19601239264011383
        ]
      ],
      [
        [
          0.2100844830274582,
          0.20570755004882812,
          0.18779516220092773,
          0.19877709448337555,
          0.1976357251405716
        ],
        [
          0.21037748456001282,
          0.20730552077293396,
          0.18754252791404724,
          0.19734236598014832,
          0.19743214547634125
        ],
        [
          0.2108948975801468,
          0.20472411811351776,
          0.18830427527427673,
          0.1989850550889969,
          0.19709160923957825
        ],
        [
          0.21000181138515472,
          0.20813217759132385,
          0.18700255453586578,
          0.19796417653560638,
          0.19689933955669403
        ]
      ]
    ],
    [
      [
        [
          0.22971083223819733,
          0.1577191799879074,
          0.15878616273403168,
          0.22595907747745514,
          0.22782470285892487
        ],
        [
          0.22538316249847412,
          0.17484739422798157,
          0.15233850479125977,
          0.2233574241399765,
          0.22407348453998566
        ],
        [
          0.22130319476127625,
          0.16376137733459473,
          0.16142617166042328,
          0.23066264390945435,
          0.22284655272960663
        ],
        [
          0.23193354904651642,
          0.15885810554027557,
          0.1592596024274826,
          0.2241043746471405,
          0.2258443683385849
        ]
      ]
    ]
  ],
  "gtn_only_test_macro_f1": 0.4623947811447811,
  "gtn_only_test_accuracy": 0.5471698045730591,
  "gtn_only_val_macro_f1": 0.37547356025616896,
  "node_features": "on",
  "fusion_beta": [
    0.23024463653564453,
    0.26630470156669617,
    0.35947751998901367,
    0.14397314190864563
  ],
  "topo_dim": 75,
  "val_macro_f1": 0.11997526283240569,
  "test_macro_f1": 0.05440251572327044,
  "test_accuracy": 0.16981132328510284,
  "test_macro_f1_permuted": 0.05440251572327044
}