{
  "dataset": "pubmed",
  "use_topology": false,
  "seed": 1,
  "topology_source": null,
  "num_nodes": 6000,
  "num_classes": 8,
  "node_features": "on",
  "val_macro_f1": 0.13951545530492898,
  "test_macro_f1": 0.05797163362952836,
  "test_accuracy": 0.07692307978868484
}