{
  "dataset": "pubmed",
  "use_topology": true,
  "seed": 2,
  "topology_source": "gtn",
  "num_nodes": 6000,
  "num_classes": 8,
  "gtn_attentions": [
    [
      [
        [
          0.20000000298023224,
          0.19999998807907104,
          0.19999995827674866,
          0.20000006258487701,
          0.20000000298023224
        ],
        [
          0.19999992847442627,
          0.19999989867210388,
          0.2000003308057785,
          0.19999991357326508,
          0.19999992847442627
        ],
        [
          0.20000003278255463,
          0.20000003278255463,
          0.19999994337558746,
          0.19999998807907104,
          0.19999998807907104
        ],
        [
          0.20000001788139343,
          0.20000003278255463,
          0.19999997317790985,
          0.19999997317790985,
          0.20000001788139343
        ]
      ],
      [
        [
          0.20000000298023224,
          0.19999997317790985,
          0.20000000298023224,
          0.20000000298023224,
          0.20000000298023224
        ],
        [
          0.20000003278255463,
          0.19999994337558746,
          0.19999998807907104,
          0.19999997317790985,
          0.19999997317790985
        ],
        [
          0.19999995827674866,
          0.20000001788139343,
          0.20000001788139343,
          0.19999998807907104,
          0.19999997317790985
        ],
        [
          0.19999995827674866,
          0.19999998807907104,
          0.20000001788139343,
          0.20000001788139343,
          0.20000001788139343
        ]
      ]
    ]
  ],
  "gtn_only_test_macro_f1": 0.04296875000000001,
  "gtn_only_test_accuracy": 0.2075471729040146,
  "gtn_only_val_macro_f1": 0.05952380952380953,
  "node_features": "on",
  "fusion_beta": [
    0.09012638032436371,
    0.3263363242149353,
    0.25095129013061523,
    0.33258605003356934
  ],
  "topo_dim": 75,
  "val_macro_f1": 0.11839323467230445,
  "test_macro_f1": 0.05440251572327044,
  "test_accuracy": 0.16981132328510284
}