{
  "dataset": "yelp",
  "use_topology": true,
  "seed": 1,
  "topology_source": "gtn",
  "num_nodes": 5484,
  "num_classes": 16,
  "gtn_attentions": [
    [
      [
        [
          0.25,
          0.25,
          0.25,
          0.25
        ],
        [
          0.25,
          0.25,
          0.25,
          0.25
        ]
      ],
      [
        [
          0.25,
          0.25,
          0.25,
          0.25
        ],
        [
          0.25,
          0.25,
          0.25,
          0.25
        ]
      ]
    ],
    [
      [
        [
          0.25,
          0.25,
          0.25,
          0.25
        ],
        [
          0.25,
          0.25,
          0.25,
          0.25
        ]
      ]
    ]
  ],
  "gtn_only_test_macro_f1": 0.12169563514756572,
  "gtn_only_test_accuracy": 0.6448837518692017,
  "gtn_only_val_macro_f1": 0.12248416585416025,
  "node_features": "on",
  "fusion_beta": [
    0.39446505904197693,
    0.6055349111557007
  ],
  "topo_dim": 75,
  "val_macro_f1": 0.0673033747800795,
  "test_macro_f1": 0.06830856065174314,
  "test_accuracy": 0.8342639207839966
}