{
  "dataset": "yelp",
  "use_topology": true,
  "seed": 2,
  "topology_source": "gtn",
  "num_nodes": 5484,
  "num_classes": 16,
  "gtn_attentions": [
    [
      [
        [
          0.25,
          0.25,
          0.25,
          0.25
        ],
        [
          0.25,
          0.25,
          0.25,
          0.25
        ],
        [
          0.25,
          0.25,
          0.25,
          0.25
        ],
        [
          0.25,
          0.25,
          0.25,
          0.25
        ]
      ],
      [
        [
          0.25,
          0.25,
          0.25,
          0.25
        ],
        [
          0.25,
          0.25,
          0.25,
          0.25
        ],
        [
          0.25,
          0.25,
          0.25,
          0.25
        ],
        [
          0.25,
          0.25,
          0.25,
          0.25
        ]
      ]
    ]
  ],
  "gtn_only_test_macro_f1": 0.07731026404200873,
  "gtn_only_test_accuracy": 0.7175820469856262,
  "gtn_only_val_macro_f1": 0.0792764288059093,
  "node_features": "on",
  "fusion_beta": [
    0.26303571462631226,
    0.24578411877155304,
    0.23335066437721252,
    0.2578295171260834
  ],
  "topo_dim": 75,
  "val_macro_f1": 0.11997910277148759,
  "test_macro_f1": 0.11720098440614958,
  "test_accuracy": 0.7685164213180542
}