{
  "dataset": "yelp",
  "use_topology": true,
  "seed": 2,
  "topology_source": "manual",
  "num_nodes": 5484,
  "num_classes": 16,
  "manual_metapaths": [
    "BLB",
    "BPB"
  ],
  "node_features": "on",
  "fusion_beta": [
    0.7086266875267029,
    0.29137328267097473
  ],
  "topo_dim": 75,
  "val_macro_f1": 0.11800169066155763,
  "test_macro_f1": 0.11653736610531865,
  "test_accuracy": 0.6468778252601624
}