{
  "dataset": "yelp",
  "use_topology": true,
  "seed": 0,
  "topology_source": "manual",
  "num_nodes": 5484,
  "num_classes": 16,
  "manual_metapaths": [
    "BLB",
    "BPB"
  ],
  "node_features": "on",
  "fusion_beta": [
    0.5683737397193909,
    0.43162623047828674
  ],
  "topo_dim": 75,
  "val_macro_f1": 0.14249884596685702,
  "test_macro_f1": 0.14401603826751153,
  "test_accuracy": 0.5778259038925171
}