{
  "dataset": "yelp",
  "use_topology": false,
  "seed": 0,
  "topology_source": null,
  "num_nodes": 5484,
  "num_classes": 16,
  "node_features": "on",
  "val_macro_f1": 0.09048962443553615,
  "test_macro_f1": 0.08343556448132419,
  "test_accuracy": 0.6399840712547302
}