{
  "dataset": "yelp",
  "use_topology": true,
  "seed": 0,
  "topology_source": "random",
  "num_nodes": 5484,
  "num_classes": 16,
  "random_metapath": true,
  "node_features": "on",
  "fusion_beta": [
    0.26377415657043457,
    0.34423643350601196,
    0.26401180028915405,
    0.1279776394367218
  ],
  "topo_dim": 75,
  "val_macro_f1": 0.11296748924783626,
  "test_macro_f1": 0.11459066382207253,
  "test_accuracy": 0.7008888125419617
}