{
  "dataset": "yelp",
  "use_topology": true,
  "seed": 0,
  "topology_source": "gtn",
  "num_nodes": 5484,
  "num_classes": 16,
  "gtn_attentions": [
    [
      [
        [
          0.25,
          0.25,
          0.25,
          0.25
        ],
        [
          0.25,
          0.25,
          0.25,
          0.25
        ],
        [
          0.25,
          0.25,
          0.25,
          0.25
        ],
        [
          0.25,
          0.25,
          0.25,
          0.25
        ]
      ],
      [
        [
          0.25,
          0.25,
          0.25,
          0.25
        ],
        [
          0.25,
          0.25,
          0.25,
          0.25
        ],
        [
          0.25,
          0.25,
          0.25,
          0.25
        ],
        [
          0.25,
          0.25,
          0.25,
          0.25
        ]
      ]
    ]
  ],
  "gtn_only_test_macro_f1": 0.1840240919073538,
  "gtn_only_test_accuracy": 0.4030879735946655,
  "gtn_only_val_macro_f1": 0.18406357888028002,
  "node_features": "on",
  "fusion_beta": [
    0.24338845908641815,
    0.23269543051719666,
    0.28010040521621704,
    0.24381566047668457
  ],
  "topo_dim": 75,
  "val_macro_f1": 0.13798804397564543,
  "test_macro_f1": 0.14013932073969693,
  "test_accuracy": 0.6835688352584839
}