{
  "dataset": "yelp",
  "use_topology": true,
  "seed": 2,
  "topology_source": "gtn",
  "num_nodes": 5484,
  "num_classes": 16,
  "gtn_attentions": [
    [
      [
        [
          0.25,
          0.25,
          0.25,
          0.25
        ],
        [
          0.25,
          0.25,
          0.25,
          0.25
        ]
      ],
      [
        [
          0.25,
          0.25,
          0.25,
          0.25
        ],
        [
          0.25,
          0.25,
          0.25,
          0.25
        ]
      ]
    ],
    [
      [
        [
          0.25,
          0.25,
          0.25,
          0.25
        ],
        [
          0.25,
          0.25,
          0.25,
          0.25
        ]
      ]
    ]
  ],
  "gtn_only_test_macro_f1": 0.14527288585575926,
  "gtn_only_test_accuracy": 0.4817684590816498,
  "gtn_only_val_macro_f1": 0.14585738768271947,
  "node_features": "on",
  "fusion_beta": [
    0.8065285086631775,
    0.19347146153450012
  ],
  "topo_dim": 75,
  "val_macro_f1": 0.08439320184496424,
  "test_macro_f1": 0.0837264969598558,
  "test_accuracy": 0.7922174334526062
}