{
  "dataset": "yelp",
  "use_topology": true,
  "seed": 1,
  "topology_source": "random",
  "num_nodes": 5484,
  "num_classes": 16,
  "random_metapath": true,
  "node_features": "on",
  "fusion_beta": [
    0.2188977152109146,
    0.28384748101234436,
    0.22520816326141357,
    0.27204665541648865
  ],
  "topo_dim": 75,
  "val_macro_f1": 0.08202894372251592,
  "test_macro_f1": 0.08447919557237805,
  "test_accuracy": 0.7903372645378113
}