{
  "dataset": "yelp",
  "use_topology": true,
  "seed": 0,
  "topology_source": "gtn",
  "num_nodes": 5484,
  "num_classes": 16,
  "gtn_attentions": [
    [
      [
        [
          0.25,
          0.25,
          0.25,
          0.25
        ],
        [
          0.25,
          0.25,
          0.25,
          0.25
        ]
      ],
      [
        [
          0.25,
          0.25,
          0.25,
          0.25
        ],
        [
          0.25,
          0.25,
          0.25,
          0.25
        ]
      ]
    ],
    [
      [
        [
          0.25,
          0.25,
          0.25,
          0.25
        ],
        [
          0.25,
          0.25,
          0.25,
          0.25
        ]
      ]
    ]
  ],
  "gtn_only_test_macro_f1": 0.1267446506784962,
  "gtn_only_test_accuracy": 0.5230742692947388,
  "gtn_only_val_macro_f1": 0.128851031924163,
  "node_features": "on",
  "fusion_beta": [
    0.19273456931114197,
    0.8072654008865356
  ],
  "topo_dim": 75,
  "val_macro_f1": 0.12871864904920718,
  "test_macro_f1": 0.13052557680750138,
  "test_accuracy": 0.6564493775367737
}