{
  "dataset": "yelp",
  "use_topology": true,
  "seed": 1,
  "topology_source": "gtn",
  "num_nodes": 5484,
  "num_classes": 16,
  "gtn_attentions": [
    [
      [
        [
          0.25,
          0.25,
          0.25,
          0.25
        ],
        [
          0.25,
          0.25,
          0.25,
          0.25
        ],
        [
          0.25,
          0.25,
          0.25,
          0.25
        ],
        [
          0.25,
          0.25,
          0.25,
          0.25
        ]
      ],
      [
        [
          0.25,
          0.25,
          0.25,
          0.25
        ],
        [
          0.25,
          0.25,
          0.25,
          0.25
        ],
        [
          0.25,
          0.25,
          0.25,
          0.25
        ],
        [
          0.25,
          0.25,
          0.25,
          0.25
        ]
      ]
    ]
  ],
  "gtn_only_test_macro_f1": 0.09559477369464969,
  "gtn_only_test_accuracy": 0.5260939002037048,
  "gtn_only_val_macro_f1": 0.0952938767328495,
  "node_features": "on",
  "fusion_beta": [
    0.22249945998191833,
    0.2680298089981079,
    0.26955974102020264,
    0.23991098999977112
  ],
  "topo_dim": 75,
  "val_macro_f1": 0.08047626926146484,
  "test_macro_f1": 0.0803690796916896,
  "test_accuracy": 0.8129557967185974
}