{
  "dataset": "acm",
  "use_topology": true,
  "seed": 1,
  "topology_source": "manual",
  "num_nodes": 3025,
  "num_classes": 3,
  "manual_metapaths": [
    "PAP",
    "PSP"
  ],
  "node_features": "on",
  "fusion_beta": [
    0.5000089406967163,
    0.4999910891056061
  ],
  "topo_dim": 75,
  "val_macro_f1": 0.933841684822077,
  "test_macro_f1": 0.9009692792272123,
  "test_accuracy": 0.899433434009552
}