{
  "dataset": "acm",
  "use_topology": true,
  "seed": 2,
  "topology_source": "manual",
  "num_nodes": 3025,
  "num_classes": 3,
  "manual_metapaths": [
    "PAP",
    "PSP"
  ],
  "node_features": "on",
  "fusion_beta": [
    0.5000030398368835,
    0.49999693036079407
  ],
  "topo_dim": 75,
  "val_macro_f1": 0.9114718614718615,
  "test_macro_f1": 0.893585045470545,
  "test_accuracy": 0.891879141330719
}