{
  "dataset": "acm",
  "use_topology": true,
  "seed": 0,
  "topology_source": "manual",
  "num_nodes": 3025,
  "num_classes": 3,
  "manual_metapaths": [
    "PAP",
    "PSP"
  ],
  "node_features": "on",
  "fusion_beta": [
    0.5000010132789612,
    0.4999990165233612
  ],
  "topo_dim": 75,
  "val_macro_f1": 0.9131053099031075,
  "test_macro_f1": 0.8985013430056532,
  "test_accuracy": 0.8970726728439331
}