{
  "dataset": "acm",
  "use_topology": true,
  "seed": 1,
  "topology_source": "gtn",
  "num_nodes": 3025,
  "num_classes": 3,
  "gtn_attentions": [
    [
      [
        [
          0.1810002326965332,
          0.17035098373889923,
          0.1743590533733368,
          0.173707515001297,
          0.13921114802360535,
          0.16137103736400604
        ],
        [
          0.18095333874225616,
          0.16866838932037354,
          0.1745939403772354,
          0.17391979694366455,
          0.1398993283510208,
          0.16196522116661072
        ]
      ],
      [
        [
          0.1817832887172699,
          0.1717500537633896,
          0.1776103377342224,
          0.17600354552268982,
          0.13346602022647858,
          0.1593867391347885
        ],
        [
          0.18124502897262573,
          0.17132511734962463,
          0.17761631309986115,
          0.1760178506374359,
          0.13381163775920868,
          0.1599840372800827
        ]
      ]
    ],
    [
      [
        [
          0.18522994220256805,
          0.13257142901420593,
          0.187726691365242,
          0.18775984644889832,
          0.11886313557624817,
          0.1878490447998047
        ],
        [
          0.1850496083498001,
          0.13374188542366028,
          0.18722066283226013,
          0.18728670477867126,
          0.11963167041540146,
          0.18706946074962616
        ]
      ]
    ]
  ],
  "gtn_only_test_macro_f1": 0.8844856564100633,
  "gtn_only_test_accuracy": 0.8819640874862671,
  "gtn_only_val_macro_f1": 0.9430271837570937,
  "node_features": "on",
  "fusion_beta": [
    0.6712310314178467,
    0.32876893877983093
  ],
  "topo_dim": 75,
  "val_macro_f1": 0.9334752871338236,
  "test_macro_f1": 0.896453471854011,
  "test_accuracy": 0.894711971282959
}