{
  "dataset": "acm",
  "use_topology": true,
  "seed": 0,
  "topology_source": "gtn",
  "num_nodes": 3025,
  "num_classes": 3,
  "gtn_attentions": [
    [
      [
        [
          0.18146322667598724,
          0.16448664665222168,
          0.17689946293830872,
          0.17639856040477753,
          0.13948994874954224,
          0.1612621247768402
        ],
        [
          0.18241624534130096,
          0.1652974933385849,
          0.17661984264850616,
          0.17604734003543854,
          0.1385042369365692,
          0.1611148566007614
        ]
      ],
      [
        [
          0.18365518748760223,
          0.1672765612602234,
          0.17936833202838898,
          0.17777645587921143,
          0.1323995292186737,
          0.1595238894224167
        ],
        [
          0.18357539176940918,
          0.16776461899280548,
          0.17951689660549164,
          0.17771583795547485,
          0.13240626454353333,
          0.1590210646390915
        ]
      ]
    ],
    [
      [
        [
          0.18549150228500366,
          0.13216693699359894,
          0.18841829895973206,
          0.18844085931777954,
          0.11697306483983994,
          0.18850934505462646
        ],
        [
          0.1859966367483139,
          0.1317531168460846,
          0.18876492977142334,
          0.18878713250160217,
          0.11588969081640244,
          0.18880854547023773
        ]
      ]
    ]
  ],
  "gtn_only_test_macro_f1": 0.8975929640479482,
  "gtn_only_test_accuracy": 0.8961284160614014,
  "gtn_only_val_macro_f1": 0.9632865919345169,
  "node_features": "on",
  "fusion_beta": [
    0.40634769201278687,
    0.5936523675918579
  ],
  "topo_dim": 75,
  "val_macro_f1": 0.9206952806196561,
  "test_macro_f1": 0.8615598438548308,
  "test_accuracy": 0.8583569526672363
}