{
  "dataset": "acm",
  "use_topology": true,
  "seed": 1,
  "topology_source": "gtn",
  "num_nodes": 3025,
  "num_classes": 3,
  "gtn_attentions": [
    [
      [
        [
          0.18211692571640015,
          0.15602928400039673,
          0.18035279214382172,
          0.17969192564487457,
          0.1420152187347412,
          0.1597939133644104
        ],
        [
          0.1841927468776703,
          0.15450359880924225,
          0.18005238473415375,
          0.1793835312128067,
          0.14033092558383942,
          0.1615367978811264
        ],
        [
          0.18411985039710999,
          0.1534518003463745,
          0.1800832897424698,
          0.17940400540828705,
          0.14175119996070862,
          0.16118986904621124
        ],
        [
          0.1833820790052414,
          0.15586639940738678,
          0.17962169647216797,
          0.1788567155599594,
          0.14176394045352936,
          0.16050918400287628
        ]
      ],
      [
        [
          0.1863974928855896,
          0.14972050487995148,
          0.1839134842157364,
          0.18369294703006744,
          0.13713538646697998,
          0.15914024412631989
        ],
        [
          0.18539543449878693,
          0.14927463233470917,
          0.18351182341575623,
          0.18330124020576477,
          0.13703490793704987,
          0.16148193180561066
        ],
        [
          0.1862233579158783,
          0.14772455394268036,
          0.1833338886499405,
          0.18311263620853424,
          0.13872286677360535,
          0.16088268160820007
        ],
        [
          0.18578945100307465,
          0.1498408317565918,
          0.1830037534236908,
          0.18273413181304932,
          0.13893267512321472,
          0.1596992015838623
        ]
      ]
    ]
  ],
  "gtn_only_test_macro_f1": 0.8647014297187757,
  "gtn_only_test_accuracy": 0.8640226721763611,
  "gtn_only_val_macro_f1": 0.8785967964050156,
  "node_features": "on",
  "fusion_beta": [
    0.22114884853363037,
    0.2354305237531662,
    0.5010231137275696,
    0.04239749163389206
  ],
  "topo_dim": 75,
  "val_macro_f1": 0.9478576615831518,
  "test_macro_f1": 0.8968939698595543,
  "test_accuracy": 0.8951840996742249
}