{
  "dataset": "acm",
  "use_topology": true,
  "seed": 0,
  "topology_source": "gtn",
  "num_nodes": 3025,
  "num_classes": 3,
  "gtn_attentions": [
    [
      [
        [
          0.1872657835483551,
          0.14901939034461975,
          0.18231570720672607,
          0.1810530722141266,
          0.14033719897270203,
          0.16000886261463165
        ],
        [
          0.18586477637290955,
          0.14916092157363892,
          0.1831410825252533,
          0.1819632202386856,
          0.14039447903633118,
          0.15947555005550385
        ],
        [
          0.1875491887331009,
          0.14999447762966156,
          0.1818656027317047,
          0.18058933317661285,
          0.14049305021762848,
          0.15950830280780792
        ],
        [
          0.18670719861984253,
          0.15064996480941772,
          0.18222138285636902,
          0.18090005218982697,
          0.14081978797912598,
          0.15870162844657898
        ]
      ],
      [
        [
          0.18840810656547546,
          0.14239194989204407,
          0.18690252304077148,
          0.1866200864315033,
          0.13651977479457855,
          0.15915757417678833
        ],
        [
          0.18787284195423126,
          0.14229382574558258,
          0.18679319322109222,
          0.18652597069740295,
          0.13777688145637512,
          0.15873727202415466
        ],
        [
          0.18864312767982483,
          0.14318552613258362,
          0.18678486347198486,
          0.18653669953346252,
          0.13640286028385162,
          0.15844689309597015
        ],
        [
          0.18880805373191833,
          0.143015518784523,
          0.18711259961128235,
          0.1868438571691513,
          0.1367446333169937,
          0.1574753373861313
        ]
      ]
    ]
  ],
  "gtn_only_test_macro_f1": 0.838914676697478,
  "gtn_only_test_accuracy": 0.8356940150260925,
  "gtn_only_val_macro_f1": 0.8716629909041833,
  "node_features": "on",
  "fusion_beta": [
    0.05400760844349861,
    0.3397885859012604,
    0.5648444294929504,
    0.04135937616229057
  ],
  "topo_dim": 75,
  "val_macro_f1": 0.9187957289138587,
  "test_macro_f1": 0.8955292719424927,
  "test_accuracy": 0.8937677145004272
}