{
  "dataset": "acm",
  "use_topology": true,
  "seed": 2,
  "topology_source": "gtn",
  "num_nodes": 3025,
  "num_classes": 3,
  "gtn_attentions": [
    [
      [
        [
          0.18569248914718628,
          0.13240502774715424,
          0.1850188672542572,
          0.18455509841442108,
          0.1461409628391266,
          0.16618748009204865
        ],
        [
          0.18349005281925201,
          0.13464853167533875,
          0.18572521209716797,
          0.185145765542984,
          0.14590637385845184,
          0.1650840789079666
        ],
        [
          0.18484118580818176,
          0.13256189227104187,
          0.1856081485748291,
          0.185049369931221,
          0.14619362354278564,
          0.1657457798719406
        ],
        [
          0.18549680709838867,
          0.13241565227508545,
          0.18544632196426392,
          0.18498289585113525,
          0.14497286081314087,
          0.16668549180030823
        ]
      ],
      [
        [
          0.18817277252674103,
          0.12871429324150085,
          0.18734559416770935,
          0.18718214333057404,
          0.1428465098142624,
          0.16573865711688995
        ],
        [
          0.18753477931022644,
          0.13111671805381775,
          0.18727333843708038,
          0.18712173402309418,
          0.14231763780117035,
          0.1646358072757721
        ],
        [
          0.18802326917648315,
          0.12876002490520477,
          0.18757180869579315,
          0.1874435991048813,
          0.14286001026630402,
          0.16534125804901123
        ],
        [
          0.18794260919094086,
          0.12883274257183075,
          0.18738237023353577,
          0.18723367154598236,
          0.14210692048072815,
          0.16650161147117615
        ]
      ]
    ]
  ],
  "gtn_only_test_macro_f1": 0.8799935175024185,
  "gtn_only_test_accuracy": 0.8791312575340271,
  "gtn_only_val_macro_f1": 0.9042086908000279,
  "node_features": "on",
  "fusion_beta": [
    0.34423044323921204,
    0.10574804991483688,
    0.22740954160690308,
    0.3226119875907898
  ],
  "topo_dim": 75,
  "val_macro_f1": 0.919365939691143,
  "test_macro_f1": 0.8969358084640211,
  "test_accuracy": 0.8951840996742249
}