{
  "dataset": "acm",
  "use_topology": true,
  "seed": 0,
  "topology_source": "random",
  "num_nodes": 3025,
  "num_classes": 3,
  "random_metapath": true,
  "node_features": "on",
  "fusion_beta": [
    0.5959329009056091,
    0.08611035346984863,
    0.29581549763679504,
    0.02214120328426361
  ],
  "topo_dim": 75,
  "val_macro_f1": 0.9206952806196561,
  "test_macro_f1": 0.8901749764771804,
  "test_accuracy": 0.8881019949913025
}