{
  "dataset": "acm",
  "use_topology": false,
  "seed": 0,
  "topology_source": null,
  "num_nodes": 3025,
  "num_classes": 3,
  "node_features": "on",
  "val_macro_f1": 0.9261885312563748,
  "test_macro_f1": 0.8999562907908031,
  "test_accuracy": 0.8984891176223755
}