{
  "dataset": "dblp_pyg",
  "use_topology": true,
  "seed": 0,
  "topology_source": "gtn",
  "num_nodes": 4057,
  "num_classes": 4,
  "gtn_attentions": [
    [
      [
        [
          0.2525049149990082,
          0.2094871550798416,
          0.30410048365592957,
          0.23390744626522064
        ],
        [
          0.2521475553512573,
          0.21032968163490295,
          0.30152595043182373,
          0.2359967976808548
        ],
        [
          0.2537819743156433,
          0.20928044617176056,
          0.3024493157863617,
          0.23448827862739563
        ],
        [
          0.2519545257091522,
          0.21159158647060394,
          0.30327272415161133,
          0.2331811934709549
        ]
      ],
      [
        [
          0.23596127331256866,
          0.21780633926391602,
          0.30814850330352783,
          0.2380838543176651
        ],
        [
          0.2385595589876175,
          0.22034324705600739,
          0.3017747700214386,
          0.2393224537372589
        ],
        [
          0.23472881317138672,
          0.22174960374832153,
          0.30384647846221924,
          0.2396751344203949
        ],
        [
          0.23466746509075165,
          0.2202170342206955,
          0.3051396310329437,
          0.23997589945793152
        ]
      ]
    ],
    [
      [
        [
          0.26311546564102173,
          0.18846562504768372,
          0.2868500053882599,
          0.26156890392303467
        ],
        [
          0.2677488327026367,
          0.18886107206344604,
          0.2799595892429352,
          0.26343050599098206
        ],
        [
          0.2640814483165741,
          0.1887066811323166,
          0.28579291701316833,
          0.2614189684391022
        ],
        [
          0.2648335099220276,
          0.18867610394954681,
          0.284498929977417,
          0.2619914412498474
        ]
      ]
    ]
  ],
  "gtn_only_test_macro_f1": 0.9215678204398812,
  "gtn_only_test_accuracy": 0.929689884185791,
  "gtn_only_val_macro_f1": 0.9259302670286969,
  "node_features": "on",
  "fusion_beta": [
    0.005511694122105837,
    0.031186426058411598,
    0.038302961736917496,
    0.924998939037323
  ],
  "topo_dim": 75,
  "val_macro_f1": 0.9390510270471233,
  "test_macro_f1": 0.9323297596568337,
  "test_accuracy": 0.9382867217063904
}