{
  "dataset": "imdb_pyg",
  "use_topology": false,
  "seed": 0,
  "topology_source": null,
  "num_nodes": 4278,
  "num_classes": 3,
  "node_features": "on",
  "val_macro_f1": 0.5637482712316197,
  "test_macro_f1": 0.5124679729178686,
  "test_accuracy": 0.5250144004821777
}