{
  "dataset": "mag",
  "use_topology": true,
  "seed": 0,
  "topology_source": "gtn",
  "num_nodes": 6000,
  "num_classes": 349,
  "gtn_attentions": [
    [
      [
        [
          0.24405434727668762,
          0.23495511710643768,
          0.26674461364746094,
          0.25424590706825256
        ],
        [
          0.24400533735752106,
          0.2351037561893463,
          0.2661990821361542,
          0.25469183921813965
        ],
        [
          0.24465371668338776,
          0.23479419946670532,
          0.2660748362541199,
          0.25447726249694824
        ],
        [
          0.24453938007354736,
          0.23622578382492065,
          0.26491275429725647,
          0.2543220520019531
        ]
      ],
      [
        [
          0.24197717010974884,
          0.23018720746040344,
          0.27401983737945557,
          0.25381577014923096
        ],
        [
          0.24227914214134216,
          0.23024789988994598,
          0.2734370827674866,
          0.25403591990470886
        ],
        [
          0.24190884828567505,
          0.23019525408744812,
          0.27408719062805176,
          0.2538087069988251
        ],
        [
          0.24288760125637054,
          0.23175126314163208,
          0.2714632749557495,
          0.25389784574508667
        ]
      ]
    ],
    [
      [
        [
          0.27289602160453796,
          0.2306099534034729,
          0.25451624393463135,
          0.2419777363538742
        ],
        [
          0.2739611864089966,
          0.2309218794107437,
          0.25369295477867126,
          0.24142394959926605
        ],
        [
          0.2733791768550873,
          0.2323140650987625,
          0.2530219256877899,
          0.2412848323583603
        ],
        [
          0.27210548520088196,
          0.23247739672660828,
          0.2554447054862976,
          0.23997244238853455
        ]
      ]
    ]
  ],
  "gtn_only_test_macro_f1": 0.006424792139077855,
  "gtn_only_test_accuracy": 0.1428571492433548,
  "gtn_only_val_macro_f1": 0.019216606830525642,
  "node_features": "on",
  "fusion_beta": [
    0.11791085451841354,
    0.12866003811359406,
    0.40201637148857117,
    0.35141274333000183
  ],
  "topo_dim": 75,
  "val_macro_f1": 0.022119484365412483,
  "test_macro_f1": 0.042354275043350674,
  "test_accuracy": 0.16806723177433014
}